x,y,valid_frac,pred,video,grid_row
0,0,0.99875,11.341947365972008,9.17_23.07,row 1
120,0,1.0,11.480542312667012,9.17_23.07,row 1
240,0,1.0,10.690308595967316,9.17_23.07,row 1
360,0,0.9991666666666666,12.020148693844405,9.17_23.07,row 1
480,0,0.9909027777777778,11.147732155072035,9.17_23.07,row 1
600,0,0.9975,11.732573372346259,9.17_23.07,row 1
720,0,1.0,11.770073854720524,9.17_23.07,row 1
840,0,1.0,10.976967901524144,9.17_23.07,row 1
960,0,1.0,11.854164525831724,9.17_23.07,row 1
1080,0,1.0,10.314378531629362,9.17_23.07,row 1
1200,0,1.0,11.564342235376332,9.17_23.07,row 1
1320,0,1.0,9.393600680647179,9.17_23.07,row 1
1440,0,1.0,11.281756247107712,9.17_23.07,row 1
1560,0,1.0,9.679158950488452,9.17_23.07,row 1
1680,0,1.0,9.727096333024223,9.17_23.07,row 1
1800,0,1.0,10.810767970784982,9.17_23.07,row 1
0,120,0.9954861111111111,9.774614235321442,9.17_23.07,row 1
120,120,1.0,11.138000201871204,9.17_23.07,row 1
240,120,1.0,10.76962818686714,9.17_23.07,row 1
360,120,0.999375,11.697741743970164,9.17_23.07,row 1
480,120,1.0,10.436696293573304,9.17_23.07,row 1
600,120,1.0,12.170377666018426,9.17_23.07,row 1
720,120,1.0,11.884069758372002,9.17_23.07,row 1
840,120,1.0,11.45211782373163,9.17_23.07,row 1
960,120,1.0,11.729225480058291,9.17_23.07,row 1
1080,120,0.99875,10.768697296500537,9.17_23.07,row 1
1200,120,1.0,10.30816756351904,9.17_23.07,row 1
1320,120,1.0,10.564891047763554,9.17_23.07,row 1
1440,120,1.0,10.538083127739135,9.17_23.07,row 1
1560,120,1.0,9.323583207953211,9.17_23.07,row 1
1680,120,1.0,9.220569574225825,9.17_23.07,row 1
1800,120,1.0,9.192351904201407,9.17_23.07,row 1
0,240,1.0,11.192315477562826,9.17_23.07,row 1
120,240,0.9954861111111111,10.963233535579823,9.17_23.07,row 1
240,240,0.999375,11.927030426748862,9.17_23.07,row 1
360,240,0.999375,11.556303249037308,9.17_23.07,row 1
480,240,1.0,11.779531970515023,9.17_23.07,row 1
600,240,0.9990277777777777,12.429219369817313,9.17_23.07,row 1
720,240,0.9986111111111111,11.572678460728351,9.17_23.07,row 1
840,240,0.9951388888888889,12.052214780572024,9.17_23.07,row 1
960,240,0.994375,11.534404579524438,9.17_23.07,row 1
1080,240,1.0,11.8976470650251,9.17_23.07,row 1
1200,240,1.0,10.998859691250948,9.17_23.07,row 1
1320,240,1.0,10.467362851087676,9.17_23.07,row 1
1440,240,1.0,9.600433104550076,9.17_23.07,row 1
1560,240,1.0,10.81525101451413,9.17_23.07,row 1
1680,240,1.0,10.65909041880918,9.17_23.07,row 1
1800,240,0.9989583333333333,10.440432601038713,9.17_23.07,row 1
0,360,0.9991666666666666,10.99558860844797,9.17_23.07,row 1
120,360,1.0,11.48203727728941,9.17_23.07,row 1
240,360,0.9991666666666666,10.889168989104371,9.17_23.07,row 1
360,360,1.0,11.337953245846998,9.17_23.07,row 1
480,360,1.0,12.340261838387107,9.17_23.07,row 1
600,360,0.99875,12.039298749614574,9.17_23.07,row 1
720,360,0.9736111111111111,10.6173288386723,9.17_23.07,row 1
840,360,0.8884722222222222,11.430399153164224,9.17_23.07,row 1
960,360,0.8174305555555555,11.778171770037623,9.17_23.07,row 1
1080,360,1.0,11.122896247145261,9.17_23.07,row 1
1200,360,0.999375,11.847190295352732,9.17_23.07,row 1
1320,360,1.0,10.92877726043573,9.17_23.07,row 1
1440,360,1.0,10.742387312475964,9.17_23.07,row 1
1560,360,1.0,10.594903029608508,9.17_23.07,row 1
1680,360,1.0,11.478602092764312,9.17_23.07,row 1
1800,360,1.0,10.06769206795596,9.17_23.07,row 1
0,480,0.9989583333333333,10.170180294900224,9.17_23.07,row 1
120,480,1.0,10.758580077113637,9.17_23.07,row 1
240,480,0.9991666666666666,10.279500511995547,9.17_23.07,row 1
360,480,1.0,11.133093513476958,9.17_23.07,row 1
480,480,1.0,10.876074277824234,9.17_23.07,row 1
600,480,1.0,11.524403706899017,9.17_23.07,row 1
720,480,0.5750694444444444,10.241292090385196,9.17_23.07,row 1
840,480,0.5475,11.688231030078047,9.17_23.07,row 1
960,480,1.0,11.076602983440008,9.17_23.07,row 1
1080,480,0.9951388888888889,10.553434756467894,9.17_23.07,row 1
1200,480,0.9858333333333333,11.645690416680742,9.17_23.07,row 1
1320,480,1.0,11.001531591761509,9.17_23.07,row 1
1440,480,1.0,10.922218165539574,9.17_23.07,row 1
1560,480,1.0,9.506175811599563,9.17_23.07,row 1
1680,480,1.0,11.312117175043312,9.17_23.07,row 1
1800,480,0.9977083333333333,11.090773410363552,9.17_23.07,row 1
0,600,0.9988888888888889,11.652760766274382,9.17_23.07,row 1
120,600,0.9935416666666667,11.251105602562216,9.17_23.07,row 1
240,600,1.0,10.620553527447097,9.17_23.07,row 1
360,600,1.0,11.355083802477429,9.17_23.07,row 1
480,600,1.0,10.847020619038064,9.17_23.07,row 1
600,600,1.0,11.382789575839263,9.17_23.07,row 1
720,600,0.7955555555555556,11.56028360624135,9.17_23.07,row 1
840,600,0.9645833333333333,11.19579589106713,9.17_23.07,row 1
960,600,0.999375,11.021660193825847,9.17_23.07,row 1
1080,600,1.0,11.797018363705162,9.17_23.07,row 1
1200,600,1.0,10.82543918355767,9.17_23.07,row 1
1320,600,1.0,10.827859364232674,9.17_23.07,row 1
1440,600,1.0,10.818073259776511,9.17_23.07,row 1
1560,600,1.0,10.746312563102794,9.17_23.07,row 1
1680,600,1.0,10.539935408652669,9.17_23.07,row 1
1800,600,1.0,9.057102800666055,9.17_23.07,row 1
0,720,1.0,10.836483308216538,9.17_23.07,row 1
120,720,1.0,11.630706419182365,9.17_23.07,row 1
240,720,1.0,11.287404118573104,9.17_23.07,row 1
360,720,1.0,10.019228503537057,9.17_23.07,row 1
480,720,1.0,10.712949185506181,9.17_23.07,row 1
600,720,1.0,10.833661956655634,9.17_23.07,row 1
720,720,0.9988194444444445,11.515524997192843,9.17_23.07,row 1
840,720,0.9876388888888888,10.987005440783749,9.17_23.07,row 1
960,720,0.9865972222222222,11.65643850789149,9.17_23.07,row 1
1080,720,0.999375,10.940845134790552,9.17_23.07,row 1
1200,720,0.9961111111111111,10.749561897439232,9.17_23.07,row 1
1320,720,1.0,10.583161166746052,9.17_23.07,row 1
1440,720,1.0,11.112941652852912,9.17_23.07,row 1
1560,720,1.0,10.499909906619772,9.17_23.07,row 1
1680,720,0.9991666666666666,10.660658371416512,9.17_23.07,row 1
1800,720,0.9985416666666667,10.594248131790641,9.17_23.07,row 1
0,840,1.0,11.122590020087998,9.17_23.07,row 1
120,840,1.0,11.236292174916825,9.17_23.07,row 1
240,840,1.0,10.68117419324767,9.17_23.07,row 1
360,840,0.9926388888888888,9.690489939676162,9.17_23.07,row 1
480,840,1.0,11.332816800069448,9.17_23.07,row 1
600,840,0.99875,12.004435523489823,9.17_23.07,row 1
720,840,1.0,10.507555534383654,9.17_23.07,row 1
840,840,1.0,11.567401518084402,9.17_23.07,row 1
960,840,0.9983333333333333,11.401812674803406,9.17_23.07,row 1
1080,840,1.0,10.72903330069217,9.17_23.07,row 1
1200,840,0.9991666666666666,11.475707637569231,9.17_23.07,row 1
1320,840,1.0,10.630654963503044,9.17_23.07,row 1
1440,840,0.999375,10.700470170661898,9.17_23.07,row 1
1560,840,1.0,10.032953941476217,9.17_23.07,row 1
1680,840,1.0,10.663229340665104,9.17_23.07,row 1
1800,840,1.0,10.825175742952515,9.17_23.07,row 1
0,960,1.0,10.795891125303482,9.17_23.07,row 1
120,960,1.0,10.944685862833934,9.17_23.07,row 1
240,960,1.0,11.424051214854014,9.17_23.07,row 1
360,960,0.9968055555555555,10.520854714862777,9.17_23.07,row 1
480,960,0.9977083333333333,10.68288493456173,9.17_23.07,row 1
600,960,1.0,11.831730438304866,9.17_23.07,row 1
720,960,0.998125,10.563120464712615,9.17_23.07,row 1
840,960,1.0,10.853356482599438,9.17_23.07,row 1
960,960,0.9989583333333333,11.42311632268522,9.17_23.07,row 1
1080,960,0.999375,11.13482947877386,9.17_23.07,row 1
1200,960,0.9968055555555555,11.645536733832612,9.17_23.07,row 1
1320,960,0.999375,10.822402492537897,9.17_23.07,row 1
1440,960,1.0,10.304603023908328,9.17_23.07,row 1
1560,960,1.0,10.755450994555487,9.17_23.07,row 1
1680,960,1.0,10.498242314103592,9.17_23.07,row 1
1800,960,1.0,9.518936533821785,9.17_23.07,row 1
0,0,0.9985416666666667,11.575086248130956,9.17_23.15,row 2
120,0,1.0,12.265487999883842,9.17_23.15,row 2
240,0,1.0,12.374652860435317,9.17_23.15,row 2
360,0,0.9975,12.435650502104018,9.17_23.15,row 2
480,0,1.0,11.391973965572085,9.17_23.15,row 2
600,0,1.0,11.790389218886862,9.17_23.15,row 2
720,0,1.0,11.102788988104235,9.17_23.15,row 2
840,0,1.0,10.986126623369298,9.17_23.15,row 2
960,0,0.9989583333333333,12.998619687149619,9.17_23.15,row 2
1080,0,1.0,12.024722206144986,9.17_23.15,row 2
1200,0,1.0,12.447445601730136,9.17_23.15,row 2
1320,0,1.0,11.743944345266437,9.17_23.15,row 2
1440,0,1.0,11.897933736488667,9.17_23.15,row 2
1560,0,1.0,11.465469260725861,9.17_23.15,row 2
1680,0,1.0,11.184046185993143,9.17_23.15,row 2
1800,0,1.0,11.51783419838641,9.17_23.15,row 2
0,120,0.9971527777777778,11.257873529447666,9.17_23.15,row 2
120,120,0.9977083333333333,11.306627851882958,9.17_23.15,row 2
240,120,0.9983333333333333,10.594320443398615,9.17_23.15,row 2
360,120,1.0,11.299223398331605,9.17_23.15,row 2
480,120,1.0,11.553443961595129,9.17_23.15,row 2
600,120,1.0,10.974143848668842,9.17_23.15,row 2
720,120,0.9919444444444444,10.73400516915214,9.17_23.15,row 2
840,120,1.0,11.818276332926507,9.17_23.15,row 2
960,120,0.9991666666666666,12.313955437615524,9.17_23.15,row 2
1080,120,0.9988194444444445,11.611119068055,9.17_23.15,row 2
1200,120,1.0,11.655812306603604,9.17_23.15,row 2
1320,120,1.0,11.838627720507478,9.17_23.15,row 2
1440,120,1.0,12.264043586957484,9.17_23.15,row 2
1560,120,1.0,11.530626644108816,9.17_23.15,row 2
1680,120,1.0,11.455724021025755,9.17_23.15,row 2
1800,120,1.0,11.627365835787877,9.17_23.15,row 2
0,240,0.9951388888888889,11.374177095709847,9.17_23.15,row 2
120,240,1.0,11.841876657284397,9.17_23.15,row 2
240,240,0.9991666666666666,11.06299607839434,9.17_23.15,row 2
360,240,1.0,11.728792357028144,9.17_23.15,row 2
480,240,1.0,11.965589713678032,9.17_23.15,row 2
600,240,0.9892361111111111,10.18427201771465,9.17_23.15,row 2
720,240,1.0,11.424506791088852,9.17_23.15,row 2
840,240,1.0,11.221921422613834,9.17_23.15,row 2
960,240,1.0,11.162442993396866,9.17_23.15,row 2
1080,240,1.0,10.934086019824344,9.17_23.15,row 2
1200,240,1.0,10.827974898101301,9.17_23.15,row 2
1320,240,1.0,9.472375405337695,9.17_23.15,row 2
1440,240,1.0,12.18703723579276,9.17_23.15,row 2
1560,240,1.0,12.0305244755256,9.17_23.15,row 2
1680,240,1.0,11.63567841825607,9.17_23.15,row 2
1800,240,0.999375,11.4999911484148,9.17_23.15,row 2
0,360,1.0,12.367089787157287,9.17_23.15,row 2
120,360,1.0,11.04929309243911,9.17_23.15,row 2
240,360,1.0,11.002184158981287,9.17_23.15,row 2
360,360,1.0,11.733231481793217,9.17_23.15,row 2
480,360,0.9811805555555555,11.21401885190555,9.17_23.15,row 2
600,360,1.0,11.871788551429205,9.17_23.15,row 2
720,360,0.9963888888888889,11.377965649828495,9.17_23.15,row 2
840,360,0.9678472222222222,10.507496965809901,9.17_23.15,row 2
960,360,0.91125,11.799627323642044,9.17_23.15,row 2
1080,360,0.8154166666666667,11.921864885437447,9.17_23.15,row 2
1200,360,1.0,10.942980846933681,9.17_23.15,row 2
1320,360,0.9972916666666667,11.360401367058271,9.17_23.15,row 2
1440,360,1.0,11.904168471902786,9.17_23.15,row 2
1560,360,1.0,11.585588304744356,9.17_23.15,row 2
1680,360,1.0,11.710260795600945,9.17_23.15,row 2
1800,360,1.0,11.88043682785317,9.17_23.15,row 2
0,480,0.99875,11.403155262839416,9.17_23.15,row 2
120,480,0.9991666666666666,11.810973546994099,9.17_23.15,row 2
240,480,0.9902083333333334,10.567589321791639,9.17_23.15,row 2
360,480,0.9985416666666667,11.413079113210324,9.17_23.15,row 2
480,480,1.0,10.656151450159998,9.17_23.15,row 2
600,480,0.9976388888888889,11.199402501750559,9.17_23.15,row 2
720,480,0.9914583333333333,11.020942769427341,9.17_23.15,row 2
840,480,0.9139583333333333,10.389040593166719,9.17_23.15,row 2
960,480,0.21006944444444445,,9.17_23.15,row 2
1080,480,0.6911111111111111,12.225743505588287,9.17_23.15,row 2
1200,480,1.0,10.838606120887283,9.17_23.15,row 2
1320,480,0.9946527777777778,10.639247136095326,9.17_23.15,row 2
1440,480,0.996875,11.405368832178652,9.17_23.15,row 2
1560,480,1.0,9.630615386996388,9.17_23.15,row 2
1680,480,1.0,10.204910490431999,9.17_23.15,row 2
1800,480,1.0,11.16889750945889,9.17_23.15,row 2
0,600,0.9957638888888889,10.49194535185566,9.17_23.15,row 2
120,600,0.9991666666666666,11.575865751199089,9.17_23.15,row 2
240,600,0.99875,10.129244646808116,9.17_23.15,row 2
360,600,1.0,12.09218281411984,9.17_23.15,row 2
480,600,0.9985416666666667,11.154815636423777,9.17_23.15,row 2
600,600,0.9911111111111112,11.156025799406986,9.17_23.15,row 2
720,600,0.9997916666666666,11.687241113106793,9.17_23.15,row 2
840,600,0.99875,11.336992613951411,9.17_23.15,row 2
960,600,0.9904166666666666,11.230603976746856,9.17_23.15,row 2
1080,600,0.9911111111111112,11.195759657179169,9.17_23.15,row 2
1200,600,1.0,10.869148025360001,9.17_23.15,row 2
1320,600,1.0,11.85158744668815,9.17_23.15,row 2
1440,600,1.0,12.283433876169298,9.17_23.15,row 2
1560,600,0.9989583333333333,11.445744824659855,9.17_23.15,row 2
1680,600,1.0,11.41985000490771,9.17_23.15,row 2
1800,600,1.0,11.55442968876634,9.17_23.15,row 2
0,720,0.9927777777777778,11.758812953100376,9.17_23.15,row 2
120,720,0.9809722222222222,11.949794727688971,9.17_23.15,row 2
240,720,1.0,11.030923579990272,9.17_23.15,row 2
360,720,1.0,11.207332141050625,9.17_23.15,row 2
480,720,1.0,11.29083846919746,9.17_23.15,row 2
600,720,0.9927777777777778,10.400286865495358,9.17_23.15,row 2
720,720,1.0,11.190727625832372,9.17_23.15,row 2
840,720,0.99875,11.300080343143103,9.17_23.15,row 2
960,720,1.0,11.392854028685372,9.17_23.15,row 2
1080,720,1.0,11.166445271680672,9.17_23.15,row 2
1200,720,1.0,11.425135804203958,9.17_23.15,row 2
1320,720,1.0,10.821977989178682,9.17_23.15,row 2
1440,720,0.999375,11.421156904924693,9.17_23.15,row 2
1560,720,1.0,11.757794701133058,9.17_23.15,row 2
1680,720,1.0,11.381127944306552,9.17_23.15,row 2
1800,720,1.0,11.59728702691856,9.17_23.15,row 2
0,840,1.0,10.386138002863152,9.17_23.15,row 2
120,840,1.0,11.149065350745664,9.17_23.15,row 2
240,840,1.0,11.534038999036655,9.17_23.15,row 2
360,840,1.0,11.194962079845231,9.17_23.15,row 2
480,840,1.0,10.533780777030664,9.17_23.15,row 2
600,840,0.9935416666666667,10.962093110704393,9.17_23.15,row 2
720,840,0.9956944444444444,11.707466060556406,9.17_23.15,row 2
840,840,0.9986111111111111,11.934100780211367,9.17_23.15,row 2
960,840,0.9968055555555555,11.341239290014588,9.17_23.15,row 2
1080,840,1.0,11.3106006168288,9.17_23.15,row 2
1200,840,0.9980555555555556,11.166756141788634,9.17_23.15,row 2
1320,840,1.0,11.390193503499125,9.17_23.15,row 2
1440,840,0.999375,11.453075226863863,9.17_23.15,row 2
1560,840,1.0,11.538109416378592,9.17_23.15,row 2
1680,840,1.0,10.853884940250149,9.17_23.15,row 2
1800,840,1.0,11.259315528555648,9.17_23.15,row 2
0,960,1.0,11.466732079531587,9.17_23.15,row 2
120,960,1.0,11.043503387537307,9.17_23.15,row 2
240,960,1.0,10.960060803945114,9.17_23.15,row 2
360,960,0.9920833333333333,11.749880252261054,9.17_23.15,row 2
480,960,0.9929166666666667,11.254712332925482,9.17_23.15,row 2
600,960,0.9971527777777778,10.831201589168401,9.17_23.15,row 2
720,960,0.9979166666666667,11.50876218674514,9.17_23.15,row 2
840,960,0.9966666666666667,10.648285374122356,9.17_23.15,row 2
960,960,1.0,12.175641264338351,9.17_23.15,row 2
1080,960,1.0,11.53930718575566,9.17_23.15,row 2
1200,960,0.9995833333333334,10.754599075922014,9.17_23.15,row 2
1320,960,1.0,10.966763631599042,9.17_23.15,row 2
1440,960,1.0,11.301584759803285,9.17_23.15,row 2
1560,960,0.99875,10.783320491827993,9.17_23.15,row 2
1680,960,1.0,10.694907114516704,9.17_23.15,row 2
1800,960,1.0,12.36246753208373,9.17_23.15,row 2
0,0,0.9995833333333334,9.760937530418323,9.17_23.23,row 3
120,0,1.0,11.49672756921225,9.17_23.23,row 3
240,0,0.999375,13.042542018049193,9.17_23.23,row 3
360,0,1.0,12.891983003953644,9.17_23.23,row 3
480,0,0.9989583333333333,12.923488412537568,9.17_23.23,row 3
600,0,0.9997916666666666,12.391609126132646,9.17_23.23,row 3
720,0,0.9991666666666666,12.630061233795448,9.17_23.23,row 3
840,0,0.99875,12.737033945693199,9.17_23.23,row 3
960,0,0.9991666666666666,13.217972197913197,9.17_23.23,row 3
1080,0,0.9991666666666666,12.983392444058863,9.17_23.23,row 3
1200,0,1.0,12.300962504713903,9.17_23.23,row 3
1320,0,1.0,12.06636772038711,9.17_23.23,row 3
1440,0,1.0,12.565517791766723,9.17_23.23,row 3
1560,0,1.0,11.66270833751998,9.17_23.23,row 3
1680,0,1.0,12.275528516736191,9.17_23.23,row 3
1800,0,1.0,11.055919520836667,9.17_23.23,row 3
0,120,0.9971527777777778,11.018185312219854,9.17_23.23,row 3
120,120,0.9979166666666667,12.02233158282779,9.17_23.23,row 3
240,120,1.0,11.727621211388607,9.17_23.23,row 3
360,120,1.0,13.14261125361919,9.17_23.23,row 3
480,120,0.9973611111111111,12.599413378294027,9.17_23.23,row 3
600,120,0.9995833333333334,12.164610072435652,9.17_23.23,row 3
720,120,1.0,12.65655067157842,9.17_23.23,row 3
840,120,0.999375,13.791441553813144,9.17_23.23,row 3
960,120,0.9983333333333333,13.34514156877187,9.17_23.23,row 3
1080,120,0.9989583333333333,13.80696868079727,9.17_23.23,row 3
1200,120,1.0,13.272962690871992,9.17_23.23,row 3
1320,120,1.0,12.020204433384635,9.17_23.23,row 3
1440,120,1.0,11.130356373229116,9.17_23.23,row 3
1560,120,1.0,12.148735329222724,9.17_23.23,row 3
1680,120,1.0,12.414063122263023,9.17_23.23,row 3
1800,120,1.0,11.345246733679373,9.17_23.23,row 3
0,240,0.9931944444444445,11.3937967745061,9.17_23.23,row 3
120,240,0.99875,11.791795933362888,9.17_23.23,row 3
240,240,0.9985416666666667,11.463582502823199,9.17_23.23,row 3
360,240,1.0,11.362427592663257,9.17_23.23,row 3
480,240,1.0,11.887147839317887,9.17_23.23,row 3
600,240,1.0,12.378535066267645,9.17_23.23,row 3
720,240,1.0,11.081668173870565,9.17_23.23,row 3
840,240,1.0,12.75299159712587,9.17_23.23,row 3
960,240,0.7415277777777778,13.81219924834085,9.17_23.23,row 3
1080,240,0.8047916666666667,13.990158626684723,9.17_23.23,row 3
1200,240,0.9568055555555556,13.53277714415556,9.17_23.23,row 3
1320,240,0.9270138888888889,12.394157420704682,9.17_23.23,row 3
1440,240,1.0,12.237484849063998,9.17_23.23,row 3
1560,240,1.0,12.50683471033207,9.17_23.23,row 3
1680,240,1.0,12.603091510325939,9.17_23.23,row 3
1800,240,0.9990277777777777,12.5494681745506,9.17_23.23,row 3
0,360,1.0,11.82940369933942,9.17_23.23,row 3
120,360,1.0,11.37849385699292,9.17_23.23,row 3
240,360,0.9984722222222222,11.283331840738978,9.17_23.23,row 3
360,360,1.0,11.41829442207242,9.17_23.23,row 3
480,360,1.0,12.21757928718065,9.17_23.23,row 3
600,360,1.0,11.986591775102667,9.17_23.23,row 3
720,360,1.0,13.101167621661961,9.17_23.23,row 3
840,360,1.0,13.24172032151259,9.17_23.23,row 3
960,360,0.5701388888888889,13.29920283156464,9.17_23.23,row 3
1080,360,0.8031944444444444,13.120317308774569,9.17_23.23,row 3
1200,360,1.0,12.624636570675717,9.17_23.23,row 3
1320,360,0.999375,12.137967048103256,9.17_23.23,row 3
1440,360,1.0,12.05859626671797,9.17_23.23,row 3
1560,360,1.0,12.37860622543762,9.17_23.23,row 3
1680,360,1.0,12.4553517665697,9.17_23.23,row 3
1800,360,1.0,12.360255140889818,9.17_23.23,row 3
0,480,0.999375,10.788005841024388,9.17_23.23,row 3
120,480,0.9979166666666667,11.65980437862418,9.17_23.23,row 3
240,480,1.0,10.519134684371531,9.17_23.23,row 3
360,480,1.0,9.696702622793433,9.17_23.23,row 3
480,480,1.0,11.412244764640901,9.17_23.23,row 3
600,480,1.0,11.402494467021851,9.17_23.23,row 3
720,480,1.0,12.605722764985018,9.17_23.23,row 3
840,480,1.0,13.6507263157179,9.17_23.23,row 3
960,480,0.999375,13.035738379598474,9.17_23.23,row 3
1080,480,1.0,13.354366469064562,9.17_23.23,row 3
1200,480,1.0,12.608429758327935,9.17_23.23,row 3
1320,480,1.0,12.395848407184932,9.17_23.23,row 3
1440,480,1.0,12.554537574595006,9.17_23.23,row 3
1560,480,0.9990277777777777,12.562260752084182,9.17_23.23,row 3
1680,480,1.0,12.438066243120925,9.17_23.23,row 3
1800,480,1.0,12.46377445887739,9.17_23.23,row 3
0,600,0.999375,11.732867980666903,9.17_23.23,row 3
120,600,0.9973611111111111,10.674226942870419,9.17_23.23,row 3
240,600,0.9980555555555556,10.178078310701414,9.17_23.23,row 3
360,600,1.0,11.425227281814292,9.17_23.23,row 3
480,600,1.0,11.340518198478497,9.17_23.23,row 3
600,600,1.0,12.215895543180503,9.17_23.23,row 3
720,600,0.9991666666666666,13.803588131118875,9.17_23.23,row 3
840,600,1.0,13.606687570185658,9.17_23.23,row 3
960,600,1.0,13.788048210816958,9.17_23.23,row 3
1080,600,1.0,13.463904950916044,9.17_23.23,row 3
1200,600,0.9986111111111111,12.845429270044285,9.17_23.23,row 3
1320,600,1.0,12.441239573851595,9.17_23.23,row 3
1440,600,0.999375,12.602903069544498,9.17_23.23,row 3
1560,600,1.0,12.610257879068307,9.17_23.23,row 3
1680,600,1.0,12.600086088115106,9.17_23.23,row 3
1800,600,1.0,12.685112572485998,9.17_23.23,row 3
0,720,0.999375,11.316219592906489,9.17_23.23,row 3
120,720,1.0,10.645360483112693,9.17_23.23,row 3
240,720,1.0,10.287613102719845,9.17_23.23,row 3
360,720,1.0,12.328616768265269,9.17_23.23,row 3
480,720,1.0,12.148368070371653,9.17_23.23,row 3
600,720,1.0,11.784521232734408,9.17_23.23,row 3
720,720,0.99875,12.564634102036852,9.17_23.23,row 3
840,720,1.0,12.317532188425615,9.17_23.23,row 3
960,720,0.9972916666666667,13.726295670696258,9.17_23.23,row 3
1080,720,1.0,12.68031555645086,9.17_23.23,row 3
1200,720,0.99875,13.073366758526557,9.17_23.23,row 3
1320,720,1.0,12.630861953305468,9.17_23.23,row 3
1440,720,1.0,12.366319080117263,9.17_23.23,row 3
1560,720,1.0,12.627403635978064,9.17_23.23,row 3
1680,720,1.0,12.797337319849746,9.17_23.23,row 3
1800,720,1.0,12.89601578810371,9.17_23.23,row 3
0,840,0.9984722222222222,12.062931125245077,9.17_23.23,row 3
120,840,1.0,11.134155193077389,9.17_23.23,row 3
240,840,0.9995833333333334,11.022126112974481,9.17_23.23,row 3
360,840,0.998125,11.883440597427573,9.17_23.23,row 3
480,840,1.0,11.339332559854709,9.17_23.23,row 3
600,840,1.0,11.5696751798767,9.17_23.23,row 3
720,840,1.0,12.742652787434782,9.17_23.23,row 3
840,840,1.0,13.284781563253992,9.17_23.23,row 3
960,840,0.9991666666666666,12.618135845328649,9.17_23.23,row 3
1080,840,1.0,11.028886336592539,9.17_23.23,row 3
1200,840,0.999375,12.246515600273309,9.17_23.23,row 3
1320,840,0.9989583333333333,12.512142195729714,9.17_23.23,row 3
1440,840,1.0,12.788724149442663,9.17_23.23,row 3
1560,840,1.0,12.471626147882827,9.17_23.23,row 3
1680,840,1.0,12.57075311105854,9.17_23.23,row 3
1800,840,1.0,12.6787923740733,9.17_23.23,row 3
0,960,0.9977777777777778,10.93223574331164,9.17_23.23,row 3
120,960,1.0,11.218946074029772,9.17_23.23,row 3
240,960,0.9997916666666666,11.755104949017843,9.17_23.23,row 3
360,960,0.9929861111111111,10.406453736772422,9.17_23.23,row 3
480,960,1.0,11.541169012616802,9.17_23.23,row 3
600,960,1.0,11.698375304739702,9.17_23.23,row 3
720,960,1.0,11.278211492305749,9.17_23.23,row 3
840,960,0.9991666666666666,12.29937538596266,9.17_23.23,row 3
960,960,0.9960416666666667,10.40404201311614,9.17_23.23,row 3
1080,960,0.9975694444444444,13.42816912551922,9.17_23.23,row 3
1200,960,1.0,13.01939067422782,9.17_23.23,row 3
1320,960,0.999375,12.638895076547724,9.17_23.23,row 3
1440,960,0.9991666666666666,12.78841281610933,9.17_23.23,row 3
1560,960,1.0,12.767685576343247,9.17_23.23,row 3
1680,960,1.0,12.533132033830212,9.17_23.23,row 3
1800,960,1.0,12.054711757128153,9.17_23.23,row 3
0,0,1.0,12.92130255197091,9.17_23.32,row 4
120,0,1.0,11.523426728901825,9.17_23.32,row 4
240,0,1.0,12.565895249324205,9.17_23.32,row 4
360,0,1.0,12.088138538561617,9.17_23.32,row 4
480,0,1.0,12.959347778847825,9.17_23.32,row 4
600,0,0.999375,11.633682696261078,9.17_23.32,row 4
720,0,0.9974305555555556,12.632910127917661,9.17_23.32,row 4
840,0,1.0,13.042772937755219,9.17_23.32,row 4
960,0,1.0,11.536858501883135,9.17_23.32,row 4
1080,0,0.999375,11.736763891728321,9.17_23.32,row 4
1200,0,1.0,10.700344521534879,9.17_23.32,row 4
1320,0,1.0,12.055563336183086,9.17_23.32,row 4
1440,0,1.0,11.764246593056502,9.17_23.32,row 4
1560,0,1.0,11.621808668161133,9.17_23.32,row 4
1680,0,1.0,12.398784921613995,9.17_23.32,row 4
1800,0,1.0,11.666656530240488,9.17_23.32,row 4
0,120,0.998125,11.69073178195172,9.17_23.32,row 4
120,120,1.0,11.543467520998616,9.17_23.32,row 4
240,120,1.0,11.67212059170242,9.17_23.32,row 4
360,120,1.0,12.794278099714015,9.17_23.32,row 4
480,120,0.999375,11.516900320039511,9.17_23.32,row 4
600,120,1.0,12.059667606793347,9.17_23.32,row 4
720,120,1.0,12.221440978409008,9.17_23.32,row 4
840,120,1.0,12.684292917553714,9.17_23.32,row 4
960,120,1.0,12.33426957070679,9.17_23.32,row 4
1080,120,1.0,11.022505821910984,9.17_23.32,row 4
1200,120,1.0,10.455429877267392,9.17_23.32,row 4
1320,120,1.0,11.676882921739251,9.17_23.32,row 4
1440,120,1.0,12.242277419280928,9.17_23.32,row 4
1560,120,1.0,11.731404395577506,9.17_23.32,row 4
1680,120,1.0,11.170050192081652,9.17_23.32,row 4
1800,120,1.0,11.804835428010925,9.17_23.32,row 4
0,240,0.99875,11.944149376496062,9.17_23.32,row 4
120,240,0.999375,12.019356543174153,9.17_23.32,row 4
240,240,0.9991666666666666,11.813568321473154,9.17_23.32,row 4
360,240,0.9942361111111111,12.93466217903587,9.17_23.32,row 4
480,240,0.9983333333333333,11.655446462380318,9.17_23.32,row 4
600,240,0.99875,12.70725152981908,9.17_23.32,row 4
720,240,1.0,11.674301329327356,9.17_23.32,row 4
840,240,0.999375,11.587003466487388,9.17_23.32,row 4
960,240,1.0,11.434410102196216,9.17_23.32,row 4
1080,240,1.0,11.062407271579975,9.17_23.32,row 4
1200,240,1.0,12.106791716098396,9.17_23.32,row 4
1320,240,1.0,11.567683228512546,9.17_23.32,row 4
1440,240,0.9989583333333333,12.356345658130493,9.17_23.32,row 4
1560,240,1.0,11.857380932230399,9.17_23.32,row 4
1680,240,1.0,11.971305780604256,9.17_23.32,row 4
1800,240,1.0,11.609740299978663,9.17_23.32,row 4
0,360,0.9959722222222223,11.98715822170641,9.17_23.32,row 4
120,360,0.9913194444444444,12.24842335561172,9.17_23.32,row 4
240,360,0.9948611111111111,12.772844760983164,9.17_23.32,row 4
360,360,1.0,12.075095556877994,9.17_23.32,row 4
480,360,0.9973611111111111,11.5792120697932,9.17_23.32,row 4
600,360,0.999375,12.842291432643371,9.17_23.32,row 4
720,360,0.99625,12.130667392647078,9.17_23.32,row 4
840,360,1.0,13.036058684727044,9.17_23.32,row 4
960,360,0.9986111111111111,12.352971788025691,9.17_23.32,row 4
1080,360,1.0,11.629835109311653,9.17_23.32,row 4
1200,360,0.9927777777777778,11.46187661581169,9.17_23.32,row 4
1320,360,0.9948611111111111,12.631699104215706,9.17_23.32,row 4
1440,360,0.9970833333333333,12.641469926609002,9.17_23.32,row 4
1560,360,0.999375,12.178428115128,9.17_23.32,row 4
1680,360,1.0,12.183081253770236,9.17_23.32,row 4
1800,360,0.999375,11.755683519372273,9.17_23.32,row 4
0,480,1.0,11.832070262146361,9.17_23.32,row 4
120,480,1.0,11.832629434246186,9.17_23.32,row 4
240,480,1.0,11.267161109142236,9.17_23.32,row 4
360,480,0.999375,11.496516729974786,9.17_23.32,row 4
480,480,1.0,12.529276188406879,9.17_23.32,row 4
600,480,1.0,12.851101079221436,9.17_23.32,row 4
720,480,1.0,12.197765436031293,9.17_23.32,row 4
840,480,0.9955555555555555,12.73284677854499,9.17_23.32,row 4
960,480,0.8759722222222223,10.873456624455855,9.17_23.32,row 4
1080,480,0.865625,11.371701766876312,9.17_23.32,row 4
1200,480,0.9218055555555555,12.295251383652985,9.17_23.32,row 4
1320,480,1.0,12.234864613242625,9.17_23.32,row 4
1440,480,0.999375,12.078238999039836,9.17_23.32,row 4
1560,480,1.0,11.76213611020765,9.17_23.32,row 4
1680,480,1.0,10.892715335581949,9.17_23.32,row 4
1800,480,1.0,11.68436135224992,9.17_23.32,row 4
0,600,1.0,12.018476033497556,9.17_23.32,row 4
120,600,0.999375,11.81357559894681,9.17_23.32,row 4
240,600,0.9978472222222222,11.9160421793517,9.17_23.32,row 4
360,600,0.9972916666666667,11.847658082713043,9.17_23.32,row 4
480,600,0.9991666666666666,12.170225593896305,9.17_23.32,row 4
600,600,0.9972222222222222,12.341438068065926,9.17_23.32,row 4
720,600,1.0,12.091318133722496,9.17_23.32,row 4
840,600,1.0,12.272481125452991,9.17_23.32,row 4
960,600,0.4947916666666667,11.543098461691912,9.17_23.32,row 4
1080,600,0.49,13.296645012887241,9.17_23.32,row 4
1200,600,0.999375,12.028619738046778,9.17_23.32,row 4
1320,600,0.999375,12.176877930889042,9.17_23.32,row 4
1440,600,1.0,11.906097651741453,9.17_23.32,row 4
1560,600,1.0,12.229059496174793,9.17_23.32,row 4
1680,600,0.999375,12.382337405138383,9.17_23.32,row 4
1800,600,1.0,12.16654457898724,9.17_23.32,row 4
0,720,1.0,11.840093503361024,9.17_23.32,row 4
120,720,0.999375,11.776239260176107,9.17_23.32,row 4
240,720,0.9977083333333333,12.180317744500604,9.17_23.32,row 4
360,720,0.9985416666666667,12.10381417917704,9.17_23.32,row 4
480,720,0.9809027777777778,12.329777459119319,9.17_23.32,row 4
600,720,0.9983333333333333,11.815970698513908,9.17_23.32,row 4
720,720,0.9979861111111111,11.64667299229838,9.17_23.32,row 4
840,720,0.9975694444444444,11.641106464075648,9.17_23.32,row 4
960,720,0.9273611111111111,11.680492096632637,9.17_23.32,row 4
1080,720,0.9394444444444444,12.182402567083752,9.17_23.32,row 4
1200,720,1.0,12.64031601671745,9.17_23.32,row 4
1320,720,0.9973611111111111,12.122363289828336,9.17_23.32,row 4
1440,720,1.0,11.77460318104548,9.17_23.32,row 4
1560,720,1.0,12.50693387915266,9.17_23.32,row 4
1680,720,1.0,12.885540468798997,9.17_23.32,row 4
1800,720,0.999375,12.222631672189694,9.17_23.32,row 4
0,840,1.0,11.680628299409749,9.17_23.32,row 4
120,840,0.99875,11.597314028597227,9.17_23.32,row 4
240,840,0.9971527777777778,11.909481920014631,9.17_23.32,row 4
360,840,0.985625,11.944596706982566,9.17_23.32,row 4
480,840,0.9963888888888889,12.340521139522254,9.17_23.32,row 4
600,840,0.9899305555555555,12.273693788340752,9.17_23.32,row 4
720,840,1.0,12.0258426283682,9.17_23.32,row 4
840,840,0.9989583333333333,11.645184395116834,9.17_23.32,row 4
960,840,0.99875,12.249556690246886,9.17_23.32,row 4
1080,840,1.0,11.750257818198818,9.17_23.32,row 4
1200,840,1.0,11.418783425162474,9.17_23.32,row 4
1320,840,1.0,12.001796372944566,9.17_23.32,row 4
1440,840,1.0,11.736609303700597,9.17_23.32,row 4
1560,840,1.0,12.43418971466219,9.17_23.32,row 4
1680,840,0.999375,12.745945268809448,9.17_23.32,row 4
1800,840,0.999375,12.852157087931337,9.17_23.32,row 4
0,960,1.0,11.619943201623549,9.17_23.32,row 4
120,960,0.9986111111111111,11.325605496728505,9.17_23.32,row 4
240,960,0.9947916666666666,11.920566392597605,9.17_23.32,row 4
360,960,0.99875,12.440140453594646,9.17_23.32,row 4
480,960,0.9890277777777777,12.22211200179155,9.17_23.32,row 4
600,960,0.9958333333333333,12.440845798252408,9.17_23.32,row 4
720,960,0.9909027777777778,12.110995810737506,9.17_23.32,row 4
840,960,0.9971527777777778,11.413336240474088,9.17_23.32,row 4
960,960,0.999375,11.60929730548751,9.17_23.32,row 4
1080,960,0.999375,12.588874937773419,9.17_23.32,row 4
1200,960,1.0,11.885390688817965,9.17_23.32,row 4
1320,960,0.99875,12.23836803146577,9.17_23.32,row 4
1440,960,0.999375,12.16519521332366,9.17_23.32,row 4
1560,960,1.0,11.987861837157169,9.17_23.32,row 4
1680,960,1.0,12.419898815073477,9.17_23.32,row 4
1800,960,0.999375,12.751691597088849,9.17_23.32,row 4
0,0,1.0,10.626797630091694,9.18_21.46,row 1
120,0,1.0,9.127356493374503,9.18_21.46,row 1
240,0,1.0,10.356572770637158,9.18_21.46,row 1
360,0,1.0,8.582532764587727,9.18_21.46,row 1
480,0,1.0,9.239056072919398,9.18_21.46,row 1
600,0,0.9975694444444444,9.846001181904857,9.18_21.46,row 1
720,0,1.0,10.066037958938285,9.18_21.46,row 1
840,0,1.0,10.088849260245672,9.18_21.46,row 1
960,0,1.0,7.789203696830492,9.18_21.46,row 1
1080,0,1.0,10.620770510647144,9.18_21.46,row 1
1200,0,1.0,8.321098455912065,9.18_21.46,row 1
1320,0,1.0,10.468716813344447,9.18_21.46,row 1
1440,0,1.0,10.790964122204421,9.18_21.46,row 1
1560,0,1.0,10.653563159535505,9.18_21.46,row 1
1680,0,1.0,11.14135084194495,9.18_21.46,row 1
1800,0,1.0,9.88205970227468,9.18_21.46,row 1
0,120,1.0,8.632497035566834,9.18_21.46,row 1
120,120,0.999375,9.172348942609993,9.18_21.46,row 1
240,120,1.0,8.637814491573334,9.18_21.46,row 1
360,120,1.0,7.579554696151603,9.18_21.46,row 1
480,120,1.0,7.622811655842237,9.18_21.46,row 1
600,120,0.9994444444444445,9.093036087507581,9.18_21.46,row 1
720,120,0.999375,10.491629804641772,9.18_21.46,row 1
840,120,1.0,10.597552763893898,9.18_21.46,row 1
960,120,1.0,10.779270696347412,9.18_21.46,row 1
1080,120,1.0,8.6771785171019,9.18_21.46,row 1
1200,120,1.0,10.609410725092573,9.18_21.46,row 1
1320,120,1.0,8.261658996748674,9.18_21.46,row 1
1440,120,1.0,10.84095706572392,9.18_21.46,row 1
1560,120,1.0,9.510231737098641,9.18_21.46,row 1
1680,120,1.0,9.403109923406484,9.18_21.46,row 1
1800,120,1.0,9.942739426644913,9.18_21.46,row 1
0,240,1.0,9.323002193527287,9.18_21.46,row 1
120,240,1.0,8.978758022064769,9.18_21.46,row 1
240,240,1.0,8.65676495192997,9.18_21.46,row 1
360,240,1.0,8.398220704416042,9.18_21.46,row 1
480,240,1.0,9.640150843870847,9.18_21.46,row 1
600,240,1.0,9.920428195889412,9.18_21.46,row 1
720,240,0.999375,9.065678462093947,9.18_21.46,row 1
840,240,1.0,10.27398384022839,9.18_21.46,row 1
960,240,0.9972222222222222,9.594805965524303,9.18_21.46,row 1
1080,240,0.9991666666666666,10.48737732612312,9.18_21.46,row 1
1200,240,1.0,10.649615861884145,9.18_21.46,row 1
1320,240,1.0,7.199893779797493,9.18_21.46,row 1
1440,240,1.0,7.471923136579599,9.18_21.46,row 1
1560,240,1.0,9.36080255278835,9.18_21.46,row 1
1680,240,1.0,8.735756613679984,9.18_21.46,row 1
1800,240,1.0,10.256020498935191,9.18_21.46,row 1
0,360,1.0,9.979751289034828,9.18_21.46,row 1
120,360,1.0,9.894055315547531,9.18_21.46,row 1
240,360,0.9988888888888889,9.287144143326032,9.18_21.46,row 1
360,360,1.0,8.678004354980391,9.18_21.46,row 1
480,360,0.9952083333333334,9.445689117875823,9.18_21.46,row 1
600,360,0.9979861111111111,9.114880584588931,9.18_21.46,row 1
720,360,0.955625,10.359311629132467,9.18_21.46,row 1
840,360,0.4559722222222222,11.295919748037184,9.18_21.46,row 1
960,360,0.7495138888888889,10.24439450945978,9.18_21.46,row 1
1080,360,0.9991666666666666,10.337733926940434,9.18_21.46,row 1
1200,360,0.9991666666666666,10.396893910413109,9.18_21.46,row 1
1320,360,1.0,9.624691679697479,9.18_21.46,row 1
1440,360,1.0,7.110456387923028,9.18_21.46,row 1
1560,360,1.0,7.7390834662685695,9.18_21.46,row 1
1680,360,1.0,10.149880534845346,9.18_21.46,row 1
1800,360,1.0,7.936235292007694,9.18_21.46,row 1
0,480,1.0,10.08693509524006,9.18_21.46,row 1
120,480,1.0,10.683258298532825,9.18_21.46,row 1
240,480,1.0,9.429551060061344,9.18_21.46,row 1
360,480,1.0,9.87525831461855,9.18_21.46,row 1
480,480,1.0,8.290573083119217,9.18_21.46,row 1
600,480,0.999375,9.77466304417906,9.18_21.46,row 1
720,480,0.9733333333333334,9.725599381930493,9.18_21.46,row 1
840,480,0.8291666666666667,8.313824930051398,9.18_21.46,row 1
960,480,0.6410416666666666,7.542947500164463,9.18_21.46,row 1
1080,480,1.0,8.146774687612671,9.18_21.46,row 1
1200,480,1.0,8.646462862680986,9.18_21.46,row 1
1320,480,1.0,7.324133474979505,9.18_21.46,row 1
1440,480,1.0,8.771619207521564,9.18_21.46,row 1
1560,480,0.999375,9.395627245333412,9.18_21.46,row 1
1680,480,1.0,9.710859544416522,9.18_21.46,row 1
1800,480,1.0,10.640907009426135,9.18_21.46,row 1
0,600,0.9914583333333333,9.097816355448707,9.18_21.46,row 1
120,600,1.0,10.260558853552695,9.18_21.46,row 1
240,600,0.9941666666666666,9.483408899356037,9.18_21.46,row 1
360,600,1.0,10.072856253503367,9.18_21.46,row 1
480,600,1.0,9.003125074413003,9.18_21.46,row 1
600,600,0.999375,9.75900350760796,9.18_21.46,row 1
720,600,1.0,9.829053281614136,9.18_21.46,row 1
840,600,0.9959722222222223,8.767318784394977,9.18_21.46,row 1
960,600,0.9977083333333333,8.40496571755564,9.18_21.46,row 1
1080,600,0.999375,9.028456777889446,9.18_21.46,row 1
1200,600,1.0,6.889179007030785,9.18_21.46,row 1
1320,600,0.9989583333333333,10.718584463121571,9.18_21.46,row 1
1440,600,1.0,10.282439446341229,9.18_21.46,row 1
1560,600,1.0,9.895522071464638,9.18_21.46,row 1
1680,600,1.0,10.178839099100575,9.18_21.46,row 1
1800,600,1.0,10.588603494833063,9.18_21.46,row 1
0,720,0.999375,8.497260114657507,9.18_21.46,row 1
120,720,1.0,9.81701930990406,9.18_21.46,row 1
240,720,0.9986111111111111,9.160546816161455,9.18_21.46,row 1
360,720,1.0,9.841204565354742,9.18_21.46,row 1
480,720,1.0,9.814740479528801,9.18_21.46,row 1
600,720,1.0,10.014579176036712,9.18_21.46,row 1
720,720,1.0,7.652209569346863,9.18_21.46,row 1
840,720,1.0,9.524564835032935,9.18_21.46,row 1
960,720,1.0,7.776082604439996,9.18_21.46,row 1
1080,720,0.9979166666666667,7.380333236461745,9.18_21.46,row 1
1200,720,1.0,7.032429379269658,9.18_21.46,row 1
1320,720,0.999375,10.449916879416321,9.18_21.46,row 1
1440,720,1.0,8.145182807090631,9.18_21.46,row 1
1560,720,1.0,10.34899566690172,9.18_21.46,row 1
1680,720,1.0,10.334155618166905,9.18_21.46,row 1
1800,720,1.0,8.168087900734431,9.18_21.46,row 1
0,840,1.0,9.100658564473601,9.18_21.46,row 1
120,840,0.999375,8.523797240169252,9.18_21.46,row 1
240,840,0.999375,9.00567354129064,9.18_21.46,row 1
360,840,1.0,7.610221548937447,9.18_21.46,row 1
480,840,1.0,10.147402687817074,9.18_21.46,row 1
600,840,1.0,9.038457838426767,9.18_21.46,row 1
720,840,0.9985416666666667,9.666650977107242,9.18_21.46,row 1
840,840,0.999375,10.228381240597635,9.18_21.46,row 1
960,840,1.0,9.05064321764095,9.18_21.46,row 1
1080,840,1.0,7.158386837156804,9.18_21.46,row 1
1200,840,1.0,7.97842847626485,9.18_21.46,row 1
1320,840,1.0,7.805378640676125,9.18_21.46,row 1
1440,840,1.0,9.016927562570102,9.18_21.46,row 1
1560,840,1.0,10.156787533181712,9.18_21.46,row 1
1680,840,1.0,9.072550979047241,9.18_21.46,row 1
1800,840,1.0,10.443346566346342,9.18_21.46,row 1
0,960,0.9950694444444445,11.009967477936755,9.18_21.46,row 1
120,960,0.999375,8.191104363939273,9.18_21.46,row 1
240,960,0.99875,7.763140315470195,9.18_21.46,row 1
360,960,0.9991666666666666,7.778297896935005,9.18_21.46,row 1
480,960,1.0,9.658102362990618,9.18_21.46,row 1
600,960,0.9979166666666667,9.343091755726793,9.18_21.46,row 1
720,960,1.0,10.159538735832786,9.18_21.46,row 1
840,960,1.0,8.80207387530999,9.18_21.46,row 1
960,960,1.0,8.35872454025495,9.18_21.46,row 1
1080,960,0.99875,9.038194079437137,9.18_21.46,row 1
1200,960,1.0,8.92218849826762,9.18_21.46,row 1
1320,960,1.0,8.498556892228235,9.18_21.46,row 1
1440,960,0.9985416666666667,9.05027038203667,9.18_21.46,row 1
1560,960,1.0,9.833855929533902,9.18_21.46,row 1
1680,960,0.9945138888888889,8.813099878062227,9.18_21.46,row 1
1800,960,1.0,7.939770725792863,9.18_21.46,row 1
0,0,1.0,7.83580907983775,9.18_21.55,row 2
120,0,0.9991666666666666,7.7143540231759165,9.18_21.55,row 2
240,0,1.0,8.72685142936584,9.18_21.55,row 2
360,0,1.0,7.996646348286125,9.18_21.55,row 2
480,0,1.0,6.946040204421633,9.18_21.55,row 2
600,0,1.0,7.487926410265422,9.18_21.55,row 2
720,0,1.0,7.282139276242823,9.18_21.55,row 2
840,0,1.0,8.076357044263842,9.18_21.55,row 2
960,0,1.0,10.31434618331289,9.18_21.55,row 2
1080,0,1.0,10.768758911326877,9.18_21.55,row 2
1200,0,1.0,7.321703178014008,9.18_21.55,row 2
1320,0,1.0,8.913709740789134,9.18_21.55,row 2
1440,0,1.0,8.464677450944139,9.18_21.55,row 2
1560,0,1.0,8.610694052569373,9.18_21.55,row 2
1680,0,1.0,10.380295369664312,9.18_21.55,row 2
1800,0,1.0,10.699779739683184,9.18_21.55,row 2
0,120,1.0,10.53034251966953,9.18_21.55,row 2
120,120,1.0,9.153833548993811,9.18_21.55,row 2
240,120,1.0,10.313810680021394,9.18_21.55,row 2
360,120,1.0,7.135695574492496,9.18_21.55,row 2
480,120,1.0,6.924775479507386,9.18_21.55,row 2
600,120,1.0,8.311528532153263,9.18_21.55,row 2
720,120,1.0,6.933594415791552,9.18_21.55,row 2
840,120,1.0,7.45953080322945,9.18_21.55,row 2
960,120,1.0,10.32580829029527,9.18_21.55,row 2
1080,120,1.0,10.452143258697616,9.18_21.55,row 2
1200,120,1.0,9.939296754231407,9.18_21.55,row 2
1320,120,1.0,9.449024165631416,9.18_21.55,row 2
1440,120,1.0,10.183253570846945,9.18_21.55,row 2
1560,120,1.0,7.621213779876556,9.18_21.55,row 2
1680,120,1.0,8.179842262294722,9.18_21.55,row 2
1800,120,1.0,8.045779308465875,9.18_21.55,row 2
0,240,1.0,8.019995094140443,9.18_21.55,row 2
120,240,1.0,8.34351114703904,9.18_21.55,row 2
240,240,1.0,7.9273531164076445,9.18_21.55,row 2
360,240,1.0,7.936941990739192,9.18_21.55,row 2
480,240,1.0,7.203496001862235,9.18_21.55,row 2
600,240,1.0,7.147485945180793,9.18_21.55,row 2
720,240,1.0,7.379738147385295,9.18_21.55,row 2
840,240,1.0,6.838450161794081,9.18_21.55,row 2
960,240,1.0,6.832663356894304,9.18_21.55,row 2
1080,240,1.0,10.137257221822022,9.18_21.55,row 2
1200,240,1.0,7.324035588482277,9.18_21.55,row 2
1320,240,0.999375,9.474315515798262,9.18_21.55,row 2
1440,240,1.0,10.025409516579032,9.18_21.55,row 2
1560,240,1.0,10.130520613981625,9.18_21.55,row 2
1680,240,1.0,10.214393444423662,9.18_21.55,row 2
1800,240,1.0,9.27126664573885,9.18_21.55,row 2
0,360,0.9970833333333333,8.3390552923265,9.18_21.55,row 2
120,360,1.0,9.133892676338684,9.18_21.55,row 2
240,360,1.0,8.416843958943508,9.18_21.55,row 2
360,360,1.0,7.257421029345931,9.18_21.55,row 2
480,360,1.0,7.8261660710145495,9.18_21.55,row 2
600,360,1.0,7.254794800780134,9.18_21.55,row 2
720,360,1.0,7.479088011331023,9.18_21.55,row 2
840,360,1.0,7.2835631395420695,9.18_21.55,row 2
960,360,0.9543055555555555,7.543192297661487,9.18_21.55,row 2
1080,360,1.0,10.047616965086663,9.18_21.55,row 2
1200,360,1.0,9.27855043910698,9.18_21.55,row 2
1320,360,1.0,8.118939266438813,9.18_21.55,row 2
1440,360,1.0,10.31331609700824,9.18_21.55,row 2
1560,360,1.0,10.281979374298198,9.18_21.55,row 2
1680,360,1.0,7.537415011558862,9.18_21.55,row 2
1800,360,1.0,8.763217881833656,9.18_21.55,row 2
0,480,1.0,8.030979151689356,9.18_21.55,row 2
120,480,1.0,9.126381797314298,9.18_21.55,row 2
240,480,1.0,8.535850416547307,9.18_21.55,row 2
360,480,1.0,8.69069350351607,9.18_21.55,row 2
480,480,1.0,10.203657715551465,9.18_21.55,row 2
600,480,1.0,7.461409018883672,9.18_21.55,row 2
720,480,0.6791666666666667,10.11315756697565,9.18_21.55,row 2
840,480,0.4948611111111111,9.923720848139075,9.18_21.55,row 2
960,480,0.9911111111111112,9.591960326953059,9.18_21.55,row 2
1080,480,1.0,7.1099998052084565,9.18_21.55,row 2
1200,480,1.0,8.154432856416282,9.18_21.55,row 2
1320,480,1.0,7.236368848533559,9.18_21.55,row 2
1440,480,1.0,10.422014984739548,9.18_21.55,row 2
1560,480,1.0,10.487917768315949,9.18_21.55,row 2
1680,480,1.0,10.679257165885373,9.18_21.55,row 2
1800,480,1.0,8.683528765054346,9.18_21.55,row 2
0,600,1.0,9.43311132023246,9.18_21.55,row 2
120,600,1.0,8.457488651397856,9.18_21.55,row 2
240,600,0.9990277777777777,8.444785308149855,9.18_21.55,row 2
360,600,0.9974305555555556,7.793894798027539,9.18_21.55,row 2
480,600,1.0,8.44019058727003,9.18_21.55,row 2
600,600,1.0,8.137693728652918,9.18_21.55,row 2
720,600,0.9177777777777778,7.634788433302588,9.18_21.55,row 2
840,600,0.9896527777777778,8.567979717224372,9.18_21.55,row 2
960,600,1.0,7.738863233414492,9.18_21.55,row 2
1080,600,1.0,6.9955563487900925,9.18_21.55,row 2
1200,600,1.0,9.129196076725215,9.18_21.55,row 2
1320,600,1.0,9.157374717301012,9.18_21.55,row 2
1440,600,1.0,10.250498508786013,9.18_21.55,row 2
1560,600,1.0,10.166460425994517,9.18_21.55,row 2
1680,600,1.0,10.376282195177529,9.18_21.55,row 2
1800,600,1.0,10.244337251716535,9.18_21.55,row 2
0,720,0.999375,10.98532674236677,9.18_21.55,row 2
120,720,1.0,10.222210824521872,9.18_21.55,row 2
240,720,1.0,9.506869303329173,9.18_21.55,row 2
360,720,1.0,8.510418244269294,9.18_21.55,row 2
480,720,1.0,8.068690802960793,9.18_21.55,row 2
600,720,1.0,10.32150014037778,9.18_21.55,row 2
720,720,1.0,8.360238804459293,9.18_21.55,row 2
840,720,1.0,7.349945122368423,9.18_21.55,row 2
960,720,1.0,10.123107107055644,9.18_21.55,row 2
1080,720,1.0,7.845306981388742,9.18_21.55,row 2
1200,720,0.9972222222222222,8.128018786781576,9.18_21.55,row 2
1320,720,1.0,8.990677135410845,9.18_21.55,row 2
1440,720,1.0,7.460144973365366,9.18_21.55,row 2
1560,720,1.0,10.397234592952788,9.18_21.55,row 2
1680,720,0.9990277777777777,10.606063228767264,9.18_21.55,row 2
1800,720,1.0,9.485496638268062,9.18_21.55,row 2
0,840,1.0,8.319884913328305,9.18_21.55,row 2
120,840,0.99875,8.968511047278211,9.18_21.55,row 2
240,840,1.0,8.933915049863595,9.18_21.55,row 2
360,840,1.0,8.134409428739795,9.18_21.55,row 2
480,840,0.9991666666666666,8.316813336881618,9.18_21.55,row 2
600,840,1.0,8.964424274439176,9.18_21.55,row 2
720,840,1.0,9.012503007861485,9.18_21.55,row 2
840,840,0.991875,9.323618912128463,9.18_21.55,row 2
960,840,1.0,8.55524321775867,9.18_21.55,row 2
1080,840,0.999375,9.725042520560535,9.18_21.55,row 2
1200,840,1.0,7.145172973353184,9.18_21.55,row 2
1320,840,1.0,7.877446932088723,9.18_21.55,row 2
1440,840,1.0,7.54912980273044,9.18_21.55,row 2
1560,840,1.0,9.28130182102501,9.18_21.55,row 2
1680,840,1.0,7.582984243388439,9.18_21.55,row 2
1800,840,1.0,10.148040428095713,9.18_21.55,row 2
0,960,1.0,8.184711223944587,9.18_21.55,row 2
120,960,0.9984027777777778,9.112419518304256,9.18_21.55,row 2
240,960,0.9977777777777778,8.112500297121409,9.18_21.55,row 2
360,960,0.9946527777777778,8.907626186491841,9.18_21.55,row 2
480,960,1.0,8.369193340883204,9.18_21.55,row 2
600,960,1.0,9.239957233256673,9.18_21.55,row 2
720,960,1.0,9.18982973535254,9.18_21.55,row 2
840,960,1.0,9.698967503315048,9.18_21.55,row 2
960,960,1.0,9.175733703682447,9.18_21.55,row 2
1080,960,1.0,7.3310360617370245,9.18_21.55,row 2
1200,960,1.0,9.187645164647842,9.18_21.55,row 2
1320,960,1.0,8.634938543049635,9.18_21.55,row 2
1440,960,1.0,7.078887272187199,9.18_21.55,row 2
1560,960,1.0,8.314775417772086,9.18_21.55,row 2
1680,960,1.0,8.162356259756905,9.18_21.55,row 2
1800,960,0.9991666666666666,8.100950246610026,9.18_21.55,row 2
0,0,1.0,8.012181465502996,9.18_22.07,row 3
120,0,1.0,8.600836966028357,9.18_22.07,row 3
240,0,1.0,7.746779659336083,9.18_22.07,row 3
360,0,1.0,11.585209676949374,9.18_22.07,row 3
480,0,1.0,7.609472361209547,9.18_22.07,row 3
600,0,1.0,6.66048765730887,9.18_22.07,row 3
720,0,1.0,6.742189607256833,9.18_22.07,row 3
840,0,1.0,7.746055203014626,9.18_22.07,row 3
960,0,1.0,7.671359082890792,9.18_22.07,row 3
1080,0,1.0,10.446374025541886,9.18_22.07,row 3
1200,0,1.0,10.189072400124994,9.18_22.07,row 3
1320,0,1.0,8.854879195037478,9.18_22.07,row 3
1440,0,1.0,9.95062107219887,9.18_22.07,row 3
1560,0,1.0,10.673911924487104,9.18_22.07,row 3
1680,0,1.0,10.862503628471034,9.18_22.07,row 3
1800,0,1.0,11.488566773194123,9.18_22.07,row 3
0,120,1.0,10.534445833879468,9.18_22.07,row 3
120,120,1.0,9.384859984609022,9.18_22.07,row 3
240,120,1.0,7.709370422406351,9.18_22.07,row 3
360,120,1.0,8.895305159910855,9.18_22.07,row 3
480,120,1.0,7.7389014230837745,9.18_22.07,row 3
600,120,1.0,7.727313306880573,9.18_22.07,row 3
720,120,1.0,7.502722677731942,9.18_22.07,row 3
840,120,1.0,6.91858231742653,9.18_22.07,row 3
960,120,1.0,6.669931333604796,9.18_22.07,row 3
1080,120,1.0,7.454748572062249,9.18_22.07,row 3
1200,120,1.0,10.833420087884942,9.18_22.07,row 3
1320,120,1.0,10.749399133163362,9.18_22.07,row 3
1440,120,1.0,10.289307885550196,9.18_22.07,row 3
1560,120,1.0,8.928575971269696,9.18_22.07,row 3
1680,120,1.0,10.748436150173013,9.18_22.07,row 3
1800,120,1.0,11.46043702250038,9.18_22.07,row 3
0,240,0.9969444444444444,9.825906676005697,9.18_22.07,row 3
120,240,1.0,9.046204386894388,9.18_22.07,row 3
240,240,1.0,8.95140365896734,9.18_22.07,row 3
360,240,1.0,9.77387690740312,9.18_22.07,row 3
480,240,1.0,7.372315836538734,9.18_22.07,row 3
600,240,1.0,8.412528302538684,9.18_22.07,row 3
720,240,0.9983333333333333,9.096110880893931,9.18_22.07,row 3
840,240,1.0,7.06289229990458,9.18_22.07,row 3
960,240,1.0,8.75047420369163,9.18_22.07,row 3
1080,240,1.0,7.673899861978217,9.18_22.07,row 3
1200,240,1.0,7.778004309290701,9.18_22.07,row 3
1320,240,1.0,6.741668141558282,9.18_22.07,row 3
1440,240,1.0,9.889247812368477,9.18_22.07,row 3
1560,240,1.0,10.36025480221575,9.18_22.07,row 3
1680,240,1.0,8.61596578011906,9.18_22.07,row 3
1800,240,1.0,9.682601942912932,9.18_22.07,row 3
0,360,1.0,9.03681247818897,9.18_22.07,row 3
120,360,0.9886805555555556,9.453999082921008,9.18_22.07,row 3
240,360,1.0,8.754311543724912,9.18_22.07,row 3
360,360,1.0,8.953831310505345,9.18_22.07,row 3
480,360,1.0,7.21088135024725,9.18_22.07,row 3
600,360,1.0,8.00270229959322,9.18_22.07,row 3
720,360,0.999375,9.932083284411995,9.18_22.07,row 3
840,360,0.5529861111111111,7.446782460220958,9.18_22.07,row 3
960,360,0.8932638888888889,7.918099902596093,9.18_22.07,row 3
1080,360,1.0,9.079876216451487,9.18_22.07,row 3
1200,360,1.0,9.532393302918509,9.18_22.07,row 3
1320,360,1.0,7.82354658157904,9.18_22.07,row 3
1440,360,1.0,10.727948465107893,9.18_22.07,row 3
1560,360,1.0,10.5870404688532,9.18_22.07,row 3
1680,360,1.0,10.359127045717345,9.18_22.07,row 3
1800,360,1.0,11.493311095599791,9.18_22.07,row 3
0,480,1.0,8.333336807309196,9.18_22.07,row 3
120,480,1.0,9.735039958211882,9.18_22.07,row 3
240,480,1.0,9.935334388200534,9.18_22.07,row 3
360,480,1.0,9.950970191682488,9.18_22.07,row 3
480,480,1.0,7.1929015918115,9.18_22.07,row 3
600,480,1.0,8.086566010552716,9.18_22.07,row 3
720,480,1.0,10.215261687255715,9.18_22.07,row 3
840,480,0.5902777777777778,9.696247223401194,9.18_22.07,row 3
960,480,0.9796527777777778,9.862721201606682,9.18_22.07,row 3
1080,480,1.0,7.874574718887642,9.18_22.07,row 3
1200,480,1.0,10.313835603534564,9.18_22.07,row 3
1320,480,0.999375,6.819520126617082,9.18_22.07,row 3
1440,480,1.0,8.561426740682926,9.18_22.07,row 3
1560,480,1.0,10.827835335828077,9.18_22.07,row 3
1680,480,1.0,10.549540087949964,9.18_22.07,row 3
1800,480,1.0,10.439869482985266,9.18_22.07,row 3
0,600,1.0,9.747485346460117,9.18_22.07,row 3
120,600,1.0,9.11436585568239,9.18_22.07,row 3
240,600,1.0,9.82363535604119,9.18_22.07,row 3
360,600,1.0,9.930373925573976,9.18_22.07,row 3
480,600,1.0,8.28930016989922,9.18_22.07,row 3
600,600,1.0,9.112715684601925,9.18_22.07,row 3
720,600,1.0,10.201153765346705,9.18_22.07,row 3
840,600,1.0,7.687944363592097,9.18_22.07,row 3
960,600,1.0,9.17888399422926,9.18_22.07,row 3
1080,600,1.0,8.31822303347364,9.18_22.07,row 3
1200,600,1.0,10.49638608541731,9.18_22.07,row 3
1320,600,1.0,7.2955137770721485,9.18_22.07,row 3
1440,600,1.0,8.365114307849675,9.18_22.07,row 3
1560,600,0.9980555555555556,10.459465661897088,9.18_22.07,row 3
1680,600,1.0,10.27642746934927,9.18_22.07,row 3
1800,600,1.0,10.613923869695999,9.18_22.07,row 3
0,720,1.0,8.689596171528741,9.18_22.07,row 3
120,720,1.0,9.347075149356037,9.18_22.07,row 3
240,720,1.0,9.737444597825704,9.18_22.07,row 3
360,720,1.0,9.161343790776534,9.18_22.07,row 3
480,720,1.0,8.84490631233006,9.18_22.07,row 3
600,720,1.0,8.6936243545528,9.18_22.07,row 3
720,720,1.0,8.403029969908633,9.18_22.07,row 3
840,720,1.0,9.822724836833258,9.18_22.07,row 3
960,720,0.9979861111111111,8.452726161846732,9.18_22.07,row 3
1080,720,0.999375,9.833344397710286,9.18_22.07,row 3
1200,720,0.9984722222222222,8.301309836373955,9.18_22.07,row 3
1320,720,1.0,6.8712399440773995,9.18_22.07,row 3
1440,720,1.0,9.977051751284815,9.18_22.07,row 3
1560,720,1.0,10.184860593494735,9.18_22.07,row 3
1680,720,1.0,10.201597012044529,9.18_22.07,row 3
1800,720,1.0,10.541636250917717,9.18_22.07,row 3
0,840,1.0,7.925254824572032,9.18_22.07,row 3
120,840,1.0,8.920663271918118,9.18_22.07,row 3
240,840,1.0,9.835077521837796,9.18_22.07,row 3
360,840,1.0,8.92368923895108,9.18_22.07,row 3
480,840,0.9959722222222223,8.923005384697236,9.18_22.07,row 3
600,840,1.0,8.273012055595826,9.18_22.07,row 3
720,840,0.99875,8.173558746807345,9.18_22.07,row 3
840,840,0.9970833333333333,9.40247282605025,9.18_22.07,row 3
960,840,1.0,7.458797439742812,9.18_22.07,row 3
1080,840,0.9981944444444445,10.051357987630002,9.18_22.07,row 3
1200,840,0.999375,9.763191267007658,9.18_22.07,row 3
1320,840,1.0,9.820759524456097,9.18_22.07,row 3
1440,840,0.9954166666666666,9.865077477261462,9.18_22.07,row 3
1560,840,0.9989583333333333,10.557340283650456,9.18_22.07,row 3
1680,840,1.0,8.817476050579167,9.18_22.07,row 3
1800,840,1.0,10.355163586626727,9.18_22.07,row 3
0,960,1.0,8.904711475626174,9.18_22.07,row 3
120,960,0.9985416666666667,7.094008671990865,9.18_22.07,row 3
240,960,0.9952777777777778,9.123170098881744,9.18_22.07,row 3
360,960,0.9980555555555556,8.691266234545271,9.18_22.07,row 3
480,960,1.0,7.942423676680622,9.18_22.07,row 3
600,960,1.0,8.978820088366371,9.18_22.07,row 3
720,960,1.0,8.819133183685828,9.18_22.07,row 3
840,960,1.0,8.825245975228569,9.18_22.07,row 3
960,960,1.0,8.716423991869048,9.18_22.07,row 3
1080,960,1.0,10.357426978719158,9.18_22.07,row 3
1200,960,0.9973611111111111,9.987615467867432,9.18_22.07,row 3
1320,960,1.0,9.776490044367728,9.18_22.07,row 3
1440,960,1.0,9.94011895302263,9.18_22.07,row 3
1560,960,1.0,10.48812878216244,9.18_22.07,row 3
1680,960,1.0,9.785277262651077,9.18_22.07,row 3
1800,960,1.0,10.528566402154327,9.18_22.07,row 3
0,0,1.0,7.660778761726378,9.18_22.17,row 4
120,0,1.0,10.13887574676388,9.18_22.17,row 4
240,0,1.0,9.594229569561481,9.18_22.17,row 4
360,0,1.0,10.43900517126337,9.18_22.17,row 4
480,0,1.0,10.641120262450896,9.18_22.17,row 4
600,0,1.0,8.007566168918864,9.18_22.17,row 4
720,0,1.0,10.406433213577262,9.18_22.17,row 4
840,0,1.0,9.608998538579225,9.18_22.17,row 4
960,0,1.0,8.115670642322907,9.18_22.17,row 4
1080,0,1.0,10.098939336511,9.18_22.17,row 4
1200,0,1.0,10.706921901671329,9.18_22.17,row 4
1320,0,1.0,10.736037430759714,9.18_22.17,row 4
1440,0,1.0,11.473016117577817,9.18_22.17,row 4
1560,0,1.0,11.484590254329953,9.18_22.17,row 4
1680,0,1.0,11.483497627345823,9.18_22.17,row 4
1800,0,1.0,11.026229606104511,9.18_22.17,row 4
0,120,1.0,10.354715958754593,9.18_22.17,row 4
120,120,1.0,8.604674142930145,9.18_22.17,row 4
240,120,1.0,7.1448219182399715,9.18_22.17,row 4
360,120,1.0,10.530736118697503,9.18_22.17,row 4
480,120,1.0,10.501640733417071,9.18_22.17,row 4
600,120,1.0,10.472174626070345,9.18_22.17,row 4
720,120,1.0,8.81320807655672,9.18_22.17,row 4
840,120,1.0,7.696824851975316,9.18_22.17,row 4
960,120,1.0,10.04737948416305,9.18_22.17,row 4
1080,120,1.0,8.936779297936996,9.18_22.17,row 4
1200,120,1.0,10.16538984558525,9.18_22.17,row 4
1320,120,1.0,10.817103458537492,9.18_22.17,row 4
1440,120,1.0,9.791462372710004,9.18_22.17,row 4
1560,120,1.0,10.487150871019484,9.18_22.17,row 4
1680,120,1.0,10.757697996853926,9.18_22.17,row 4
1800,120,1.0,10.994250947261708,9.18_22.17,row 4
0,240,0.99875,8.172998757057849,9.18_22.17,row 4
120,240,1.0,8.621915922429539,9.18_22.17,row 4
240,240,1.0,10.047348216284728,9.18_22.17,row 4
360,240,1.0,8.32331966306609,9.18_22.17,row 4
480,240,0.9989583333333333,8.749373614887666,9.18_22.17,row 4
600,240,1.0,7.184784906587372,9.18_22.17,row 4
720,240,1.0,7.041805772277236,9.18_22.17,row 4
840,240,0.9978472222222222,8.740009302089355,9.18_22.17,row 4
960,240,1.0,9.937711527314343,9.18_22.17,row 4
1080,240,1.0,8.238129276113789,9.18_22.17,row 4
1200,240,1.0,8.632924858717978,9.18_22.17,row 4
1320,240,1.0,7.4204955906693675,9.18_22.17,row 4
1440,240,1.0,9.527385770236455,9.18_22.17,row 4
1560,240,1.0,10.85497345886757,9.18_22.17,row 4
1680,240,1.0,11.35144426987143,9.18_22.17,row 4
1800,240,1.0,10.89754805232331,9.18_22.17,row 4
0,360,0.9963888888888889,9.2592380684696,9.18_22.17,row 4
120,360,0.9981944444444445,9.32698215487683,9.18_22.17,row 4
240,360,0.9985416666666667,9.901847987659563,9.18_22.17,row 4
360,360,1.0,9.08520290474444,9.18_22.17,row 4
480,360,1.0,10.336868789984443,9.18_22.17,row 4
600,360,0.99875,10.552697554486349,9.18_22.17,row 4
720,360,1.0,7.170187622745992,9.18_22.17,row 4
840,360,0.9661111111111111,7.025668756404223,9.18_22.17,row 4
960,360,0.3269444444444444,9.241973029181883,9.18_22.17,row 4
1080,360,0.7852777777777777,8.752744533586757,9.18_22.17,row 4
1200,360,1.0,10.398587236102122,9.18_22.17,row 4
1320,360,1.0,7.733461115701098,9.18_22.17,row 4
1440,360,1.0,7.193159947812226,9.18_22.17,row 4
1560,360,1.0,9.785662820908177,9.18_22.17,row 4
1680,360,1.0,10.72682358521637,9.18_22.17,row 4
1800,360,1.0,10.476106278452537,9.18_22.17,row 4
0,480,0.9964583333333333,8.76722513322554,9.18_22.17,row 4
120,480,1.0,9.456401641257925,9.18_22.17,row 4
240,480,1.0,10.558773268204522,9.18_22.17,row 4
360,480,1.0,9.718027482021407,9.18_22.17,row 4
480,480,0.9963888888888889,9.279846594799482,9.18_22.17,row 4
600,480,1.0,10.289799709419654,9.18_22.17,row 4
720,480,0.9920833333333333,8.494964178574241,9.18_22.17,row 4
840,480,0.9784027777777777,8.21632860236313,9.18_22.17,row 4
960,480,0.6824305555555555,6.772573449478434,9.18_22.17,row 4
1080,480,0.9931944444444445,9.06195542358328,9.18_22.17,row 4
1200,480,1.0,10.25584125062845,9.18_22.17,row 4
1320,480,1.0,7.888173318930871,9.18_22.17,row 4
1440,480,1.0,8.544831887412876,9.18_22.17,row 4
1560,480,1.0,9.392298995178349,9.18_22.17,row 4
1680,480,1.0,9.487522925994432,9.18_22.17,row 4
1800,480,1.0,7.3835000473885986,9.18_22.17,row 4
0,600,1.0,7.647865466965585,9.18_22.17,row 4
120,600,1.0,8.967999480295138,9.18_22.17,row 4
240,600,1.0,10.321275229855448,9.18_22.17,row 4
360,600,1.0,9.813626076990163,9.18_22.17,row 4
480,600,0.999375,9.722069650655913,9.18_22.17,row 4
600,600,0.9969444444444444,9.374951406664085,9.18_22.17,row 4
720,600,0.999375,9.133266777237953,9.18_22.17,row 4
840,600,1.0,10.047859106410083,9.18_22.17,row 4
960,600,1.0,7.87936927662497,9.18_22.17,row 4
1080,600,1.0,9.876572550521534,9.18_22.17,row 4
1200,600,1.0,8.403459942054049,9.18_22.17,row 4
1320,600,1.0,10.683220885688774,9.18_22.17,row 4
1440,600,1.0,10.316798570919262,9.18_22.17,row 4
1560,600,1.0,9.730182582146945,9.18_22.17,row 4
1680,600,1.0,10.476740673837762,9.18_22.17,row 4
1800,600,1.0,10.514072622995572,9.18_22.17,row 4
0,720,0.999375,7.775570257274692,9.18_22.17,row 4
120,720,0.999375,9.439286506498897,9.18_22.17,row 4
240,720,0.9923611111111111,9.858738142109857,9.18_22.17,row 4
360,720,1.0,9.214184954026596,9.18_22.17,row 4
480,720,1.0,9.87593913422885,9.18_22.17,row 4
600,720,0.9989583333333333,9.371476345937232,9.18_22.17,row 4
720,720,1.0,9.947173919253332,9.18_22.17,row 4
840,720,1.0,9.652850799566943,9.18_22.17,row 4
960,720,0.9966666666666667,10.495424834110493,9.18_22.17,row 4
1080,720,1.0,10.560926221254398,9.18_22.17,row 4
1200,720,1.0,8.63266861875171,9.18_22.17,row 4
1320,720,0.99875,8.442105623272475,9.18_22.17,row 4
1440,720,1.0,9.438466230928055,9.18_22.17,row 4
1560,720,1.0,10.010634751960445,9.18_22.17,row 4
1680,720,1.0,9.171799974312556,9.18_22.17,row 4
1800,720,1.0,9.907632750431095,9.18_22.17,row 4
0,840,1.0,8.96864141845029,9.18_22.17,row 4
120,840,1.0,9.059249726070774,9.18_22.17,row 4
240,840,0.9977083333333333,8.85515172235863,9.18_22.17,row 4
360,840,0.9955555555555555,9.576394308779951,9.18_22.17,row 4
480,840,0.9986111111111111,9.903660286106216,9.18_22.17,row 4
600,840,1.0,9.192227538556537,9.18_22.17,row 4
720,840,1.0,9.786546183121988,9.18_22.17,row 4
840,840,1.0,8.45780809747886,9.18_22.17,row 4
960,840,0.9989583333333333,9.983482733965372,9.18_22.17,row 4
1080,840,1.0,9.205527602401531,9.18_22.17,row 4
1200,840,0.999375,9.393735515948592,9.18_22.17,row 4
1320,840,0.9974305555555556,9.944064846550667,9.18_22.17,row 4
1440,840,1.0,9.515195724298895,9.18_22.17,row 4
1560,840,0.9984027777777778,10.36384989311994,9.18_22.17,row 4
1680,840,1.0,9.42722008669519,9.18_22.17,row 4
1800,840,1.0,8.960877676177944,9.18_22.17,row 4
0,960,0.9928472222222222,9.572683409514019,9.18_22.17,row 4
120,960,0.9959722222222223,9.903002461044359,9.18_22.17,row 4
240,960,1.0,10.626860719207594,9.18_22.17,row 4
360,960,0.9972916666666667,9.06029248236616,9.18_22.17,row 4
480,960,1.0,9.425057228897408,9.18_22.17,row 4
600,960,0.9941666666666666,7.3919432428709655,9.18_22.17,row 4
720,960,1.0,8.891275751783628,9.18_22.17,row 4
840,960,0.9947916666666666,8.553602337211098,9.18_22.17,row 4
960,960,1.0,8.520461905391283,9.18_22.17,row 4
1080,960,1.0,7.130443479883953,9.18_22.17,row 4
1200,960,0.9986805555555556,8.313175652764999,9.18_22.17,row 4
1320,960,1.0,9.275715393585493,9.18_22.17,row 4
1440,960,1.0,8.644692309797508,9.18_22.17,row 4
1560,960,1.0,10.257978316492492,9.18_22.17,row 4
1680,960,1.0,10.40775667131251,9.18_22.17,row 4
1800,960,1.0,9.997663836871912,9.18_22.17,row 4
0,0,0.999375,10.348297367743374,9.18_22.45_WET_ROW_WITH_SHADOWS,wet row
120,0,0.9932638888888888,9.013859194883882,9.18_22.45_WET_ROW_WITH_SHADOWS,wet row
240,0,0.9890972222222222,9.169978558859944,9.18_22.45_WET_ROW_WITH_SHADOWS,wet row
360,0,0.99875,10.707006527482148,9.18_22.45_WET_ROW_WITH_SHADOWS,wet row
480,0,1.0,9.791874683817046,9.18_22.45_WET_ROW_WITH_SHADOWS,wet row
600,0,1.0,10.878627873074635,9.18_22.45_WET_ROW_WITH_SHADOWS,wet row
720,0,0.9938194444444445,10.930399824634346,9.18_22.45_WET_ROW_WITH_SHADOWS,wet row
840,0,1.0,10.98898285618123,9.18_22.45_WET_ROW_WITH_SHADOWS,wet row
960,0,1.0,10.44190099324497,9.18_22.45_WET_ROW_WITH_SHADOWS,wet row
1080,0,1.0,8.388431075714964,9.18_22.45_WET_ROW_WITH_SHADOWS,wet row
1200,0,1.0,9.762247793444775,9.18_22.45_WET_ROW_WITH_SHADOWS,wet row
1320,0,1.0,8.672634000133852,9.18_22.45_WET_ROW_WITH_SHADOWS,wet row
1440,0,1.0,8.774170564236417,9.18_22.45_WET_ROW_WITH_SHADOWS,wet row
1560,0,1.0,8.740563278522133,9.18_22.45_WET_ROW_WITH_SHADOWS,wet row
1680,0,1.0,8.623244873760223,9.18_22.45_WET_ROW_WITH_SHADOWS,wet row
1800,0,1.0,9.259657017181992,9.18_22.45_WET_ROW_WITH_SHADOWS,wet row
0,120,0.9804166666666667,8.905772117400817,9.18_22.45_WET_ROW_WITH_SHADOWS,wet row
120,120,0.9972222222222222,10.59302511148637,9.18_22.45_WET_ROW_WITH_SHADOWS,wet row
240,120,0.9975694444444444,9.597722561340106,9.18_22.45_WET_ROW_WITH_SHADOWS,wet row
360,120,0.998125,10.769490837423668,9.18_22.45_WET_ROW_WITH_SHADOWS,wet row
480,120,0.999375,10.93880637330807,9.18_22.45_WET_ROW_WITH_SHADOWS,wet row
600,120,1.0,10.75690594013142,9.18_22.45_WET_ROW_WITH_SHADOWS,wet row
720,120,0.9997916666666666,10.553287526594149,9.18_22.45_WET_ROW_WITH_SHADOWS,wet row
840,120,0.9989583333333333,9.324957220452234,9.18_22.45_WET_ROW_WITH_SHADOWS,wet row
960,120,0.9958333333333333,10.638976311508575,9.18_22.45_WET_ROW_WITH_SHADOWS,wet row
1080,120,1.0,8.91528918529166,9.18_22.45_WET_ROW_WITH_SHADOWS,wet row
1200,120,1.0,10.796418426111295,9.18_22.45_WET_ROW_WITH_SHADOWS,wet row
1320,120,1.0,10.789791611115835,9.18_22.45_WET_ROW_WITH_SHADOWS,wet row
1440,120,1.0,9.729487502187355,9.18_22.45_WET_ROW_WITH_SHADOWS,wet row
1560,120,1.0,10.97908858875275,9.18_22.45_WET_ROW_WITH_SHADOWS,wet row
1680,120,1.0,9.912854162592138,9.18_22.45_WET_ROW_WITH_SHADOWS,wet row
1800,120,1.0,8.760237864103217,9.18_22.45_WET_ROW_WITH_SHADOWS,wet row
0,240,0.9986805555555556,9.164607793956057,9.18_22.45_WET_ROW_WITH_SHADOWS,wet row
120,240,0.979375,9.92890791309019,9.18_22.45_WET_ROW_WITH_SHADOWS,wet row
240,240,1.0,10.071204253866874,9.18_22.45_WET_ROW_WITH_SHADOWS,wet row
360,240,1.0,8.744631559446747,9.18_22.45_WET_ROW_WITH_SHADOWS,wet row
480,240,0.9971527777777778,10.636908981616248,9.18_22.45_WET_ROW_WITH_SHADOWS,wet row
600,240,1.0,10.973176093966321,9.18_22.45_WET_ROW_WITH_SHADOWS,wet row
720,240,1.0,10.434840750566078,9.18_22.45_WET_ROW_WITH_SHADOWS,wet row
840,240,1.0,11.028162339580357,9.18_22.45_WET_ROW_WITH_SHADOWS,wet row
960,240,1.0,9.90627631182526,9.18_22.45_WET_ROW_WITH_SHADOWS,wet row
1080,240,0.9939583333333334,10.418534083200946,9.18_22.45_WET_ROW_WITH_SHADOWS,wet row
1200,240,1.0,9.710027926635295,9.18_22.45_WET_ROW_WITH_SHADOWS,wet row
1320,240,1.0,10.992786337366713,9.18_22.45_WET_ROW_WITH_SHADOWS,wet row
1440,240,1.0,9.331380763213737,9.18_22.45_WET_ROW_WITH_SHADOWS,wet row
1560,240,1.0,10.065214614173238,9.18_22.45_WET_ROW_WITH_SHADOWS,wet row
1680,240,0.999375,8.937759315347886,9.18_22.45_WET_ROW_WITH_SHADOWS,wet row
1800,240,1.0,9.124024389943388,9.18_22.45_WET_ROW_WITH_SHADOWS,wet row
0,360,0.9972916666666667,8.508444237628215,9.18_22.45_WET_ROW_WITH_SHADOWS,wet row
120,360,0.999375,9.077826375470769,9.18_22.45_WET_ROW_WITH_SHADOWS,wet row
240,360,1.0,8.986893607147582,9.18_22.45_WET_ROW_WITH_SHADOWS,wet row
360,360,1.0,9.580635040243557,9.18_22.45_WET_ROW_WITH_SHADOWS,wet row
480,360,1.0,11.372172501831505,9.18_22.45_WET_ROW_WITH_SHADOWS,wet row
600,360,0.9957638888888889,10.490375131799398,9.18_22.45_WET_ROW_WITH_SHADOWS,wet row
720,360,1.0,11.706968829138185,9.18_22.45_WET_ROW_WITH_SHADOWS,wet row
840,360,0.9986111111111111,10.89224939311651,9.18_22.45_WET_ROW_WITH_SHADOWS,wet row
960,360,0.9948611111111111,10.52106285403486,9.18_22.45_WET_ROW_WITH_SHADOWS,wet row
1080,360,0.7938888888888889,9.154412530259025,9.18_22.45_WET_ROW_WITH_SHADOWS,wet row
1200,360,1.0,7.804317465691494,9.18_22.45_WET_ROW_WITH_SHADOWS,wet row
1320,360,0.9958333333333333,8.482685087435442,9.18_22.45_WET_ROW_WITH_SHADOWS,wet row
1440,360,0.8972222222222223,9.78734588854077,9.18_22.45_WET_ROW_WITH_SHADOWS,wet row
1560,360,0.59375,8.93547213549625,9.18_22.45_WET_ROW_WITH_SHADOWS,wet row
1680,360,0.9827777777777778,8.522856031863888,9.18_22.45_WET_ROW_WITH_SHADOWS,wet row
1800,360,1.0,8.598264957121307,9.18_22.45_WET_ROW_WITH_SHADOWS,wet row
0,480,0.9959722222222223,11.614861236080227,9.18_22.45_WET_ROW_WITH_SHADOWS,wet row
120,480,1.0,11.416787541569544,9.18_22.45_WET_ROW_WITH_SHADOWS,wet row
240,480,1.0,9.629472416684102,9.18_22.45_WET_ROW_WITH_SHADOWS,wet row
360,480,0.9855555555555555,9.673027551301455,9.18_22.45_WET_ROW_WITH_SHADOWS,wet row
480,480,0.9989583333333333,11.671761785631986,9.18_22.45_WET_ROW_WITH_SHADOWS,wet row
600,480,0.9786111111111111,11.15870810026713,9.18_22.45_WET_ROW_WITH_SHADOWS,wet row
720,480,0.7982638888888889,11.898317227351084,9.18_22.45_WET_ROW_WITH_SHADOWS,wet row
840,480,0.6534722222222222,11.456050801831731,9.18_22.45_WET_ROW_WITH_SHADOWS,wet row
960,480,0.25194444444444447,,9.18_22.45_WET_ROW_WITH_SHADOWS,wet row
1080,480,0.08451388888888889,,9.18_22.45_WET_ROW_WITH_SHADOWS,wet row
1200,480,0.9852083333333334,8.713647748369617,9.18_22.45_WET_ROW_WITH_SHADOWS,wet row
1320,480,0.6436805555555556,8.916135086562916,9.18_22.45_WET_ROW_WITH_SHADOWS,wet row
1440,480,0.006527777777777778,,9.18_22.45_WET_ROW_WITH_SHADOWS,wet row
1560,480,0.44666666666666666,9.156250628327628,9.18_22.45_WET_ROW_WITH_SHADOWS,wet row
1680,480,1.0,8.376774898679754,9.18_22.45_WET_ROW_WITH_SHADOWS,wet row
1800,480,1.0,9.751997460905109,9.18_22.45_WET_ROW_WITH_SHADOWS,wet row
0,600,0.9846527777777778,11.504197046309903,9.18_22.45_WET_ROW_WITH_SHADOWS,wet row
120,600,1.0,10.501739425251047,9.18_22.45_WET_ROW_WITH_SHADOWS,wet row
240,600,0.9289583333333333,10.770768814257194,9.18_22.45_WET_ROW_WITH_SHADOWS,wet row
360,600,0.4454166666666667,9.21081219452287,9.18_22.45_WET_ROW_WITH_SHADOWS,wet row
480,600,0.6673611111111111,9.238660211620322,9.18_22.45_WET_ROW_WITH_SHADOWS,wet row
600,600,0.9989583333333333,11.5232849430798,9.18_22.45_WET_ROW_WITH_SHADOWS,wet row
720,600,0.8653472222222223,12.31022037979272,9.18_22.45_WET_ROW_WITH_SHADOWS,wet row
840,600,0.11847222222222223,,9.18_22.45_WET_ROW_WITH_SHADOWS,wet row
960,600,0.034791666666666665,,9.18_22.45_WET_ROW_WITH_SHADOWS,wet row
1080,600,0.042847222222222224,,9.18_22.45_WET_ROW_WITH_SHADOWS,wet row
1200,600,0.043333333333333335,,9.18_22.45_WET_ROW_WITH_SHADOWS,wet row
1320,600,0.02861111111111111,,9.18_22.45_WET_ROW_WITH_SHADOWS,wet row
1440,600,0.10756944444444444,,9.18_22.45_WET_ROW_WITH_SHADOWS,wet row
1560,600,0.8823611111111112,10.193369186802775,9.18_22.45_WET_ROW_WITH_SHADOWS,wet row
1680,600,0.9954861111111111,9.756911787418467,9.18_22.45_WET_ROW_WITH_SHADOWS,wet row
1800,600,1.0,10.825421153305854,9.18_22.45_WET_ROW_WITH_SHADOWS,wet row
0,720,0.9955555555555555,11.455842062743763,9.18_22.45_WET_ROW_WITH_SHADOWS,wet row
120,720,0.6925,9.039166667265302,9.18_22.45_WET_ROW_WITH_SHADOWS,wet row
240,720,0.15430555555555556,,9.18_22.45_WET_ROW_WITH_SHADOWS,wet row
360,720,0.0,,9.18_22.45_WET_ROW_WITH_SHADOWS,wet row
480,720,0.5913194444444444,10.244770934444027,9.18_22.45_WET_ROW_WITH_SHADOWS,wet row
600,720,0.9325694444444445,12.07664373688008,9.18_22.45_WET_ROW_WITH_SHADOWS,wet row
720,720,0.14909722222222221,,9.18_22.45_WET_ROW_WITH_SHADOWS,wet row
840,720,0.0,,9.18_22.45_WET_ROW_WITH_SHADOWS,wet row
960,720,0.0,,9.18_22.45_WET_ROW_WITH_SHADOWS,wet row
1080,720,0.0,,9.18_22.45_WET_ROW_WITH_SHADOWS,wet row
1200,720,0.0,,9.18_22.45_WET_ROW_WITH_SHADOWS,wet row
1320,720,0.03256944444444444,,9.18_22.45_WET_ROW_WITH_SHADOWS,wet row
1440,720,0.049375,,9.18_22.45_WET_ROW_WITH_SHADOWS,wet row
1560,720,0.6018055555555556,9.216689616107134,9.18_22.45_WET_ROW_WITH_SHADOWS,wet row
1680,720,1.0,9.907782870684017,9.18_22.45_WET_ROW_WITH_SHADOWS,wet row
1800,720,1.0,9.204544703264053,9.18_22.45_WET_ROW_WITH_SHADOWS,wet row
0,840,0.7424305555555556,11.649841273066125,9.18_22.45_WET_ROW_WITH_SHADOWS,wet row
120,840,0.0,,9.18_22.45_WET_ROW_WITH_SHADOWS,wet row
240,840,0.0,,9.18_22.45_WET_ROW_WITH_SHADOWS,wet row
360,840,0.15055555555555555,,9.18_22.45_WET_ROW_WITH_SHADOWS,wet row
480,840,0.9697222222222223,11.52444921570192,9.18_22.45_WET_ROW_WITH_SHADOWS,wet row
600,840,0.5701388888888889,10.894455038578378,9.18_22.45_WET_ROW_WITH_SHADOWS,wet row
720,840,0.0016666666666666668,,9.18_22.45_WET_ROW_WITH_SHADOWS,wet row
840,840,0.0,,9.18_22.45_WET_ROW_WITH_SHADOWS,wet row
960,840,0.0,,9.18_22.45_WET_ROW_WITH_SHADOWS,wet row
1080,840,0.0,,9.18_22.45_WET_ROW_WITH_SHADOWS,wet row
1200,840,0.0,,9.18_22.45_WET_ROW_WITH_SHADOWS,wet row
1320,840,0.0,,9.18_22.45_WET_ROW_WITH_SHADOWS,wet row
1440,840,0.012847222222222222,,9.18_22.45_WET_ROW_WITH_SHADOWS,wet row
1560,840,0.7695833333333333,9.005931302875306,9.18_22.45_WET_ROW_WITH_SHADOWS,wet row
1680,840,0.999375,9.061587708731142,9.18_22.45_WET_ROW_WITH_SHADOWS,wet row
1800,840,1.0,9.681175340724465,9.18_22.45_WET_ROW_WITH_SHADOWS,wet row
0,960,0.7901388888888888,9.253347405542504,9.18_22.45_WET_ROW_WITH_SHADOWS,wet row
120,960,0.014652777777777778,,9.18_22.45_WET_ROW_WITH_SHADOWS,wet row
240,960,0.0,,9.18_22.45_WET_ROW_WITH_SHADOWS,wet row
360,960,0.2798611111111111,,9.18_22.45_WET_ROW_WITH_SHADOWS,wet row
480,960,0.4904861111111111,9.984877522987055,9.18_22.45_WET_ROW_WITH_SHADOWS,wet row
600,960,0.010972222222222222,,9.18_22.45_WET_ROW_WITH_SHADOWS,wet row
720,960,0.0,,9.18_22.45_WET_ROW_WITH_SHADOWS,wet row
840,960,0.03027777777777778,,9.18_22.45_WET_ROW_WITH_SHADOWS,wet row
960,960,0.0,,9.18_22.45_WET_ROW_WITH_SHADOWS,wet row
1080,960,0.0,,9.18_22.45_WET_ROW_WITH_SHADOWS,wet row
1200,960,0.010972222222222222,,9.18_22.45_WET_ROW_WITH_SHADOWS,wet row
1320,960,0.0,,9.18_22.45_WET_ROW_WITH_SHADOWS,wet row
1440,960,0.003611111111111111,,9.18_22.45_WET_ROW_WITH_SHADOWS,wet row
1560,960,0.8004861111111111,8.990392318254655,9.18_22.45_WET_ROW_WITH_SHADOWS,wet row
1680,960,1.0,9.842879652412778,9.18_22.45_WET_ROW_WITH_SHADOWS,wet row
1800,960,1.0,9.893837191373812,9.18_22.45_WET_ROW_WITH_SHADOWS,wet row
