,mae_increase
soil_a,0.018071274648456426
L,0.015714338349901606
a_rel,0.010269436331308704
veg_frac,0.009304613965980148
hue,0.0059345907398723275
glcm_contrast,0.0052325444158968564
sat,0.00478752373721401
glcm_energy,0.0038254092047147826
val,0.003110562504099775
vari,0.002831288452081521
L_std,0.0028273305261879464
exg,0.002564600594556057
exg_std,0.0023814170344948465
g_chroma,0.0023010786453823645
a,0.001999555184884595
glcm_homogeneity,0.0017989246409301856
veg_b,0.0014357418650793835
gli,0.00048712852585662406
b,0.0003631878075398055
b_chroma,-0.000804929085844643
veg_L_rel,-0.0012794050432167812
b_rel,-0.0029172344416244886
soil_L_rel,-0.0029976206723579075
soil_b,-0.005141805187778062
veg_a,-0.006586752618881335
glcm_correlation,-0.011107423701031273
valid_frac,-0.013100619202559406
r_chroma,-0.01685508510069905
L_rel,-0.030115263219906083
shadow_frac,-0.03666414229786249
