session_id,dev_eui,n_valid,adc_min,adc_median,adc_max,adc_iqr,session_start_utc,session_end_utc
0,a7b2f18000004c3e,116,11664.0,11696.0,11728.0,0.0,2026-07-16 21:44:55.356323+00:00,2026-07-16 23:53:47.051347+00:00
1,9fb2f18000007c6e,1,558.0,558.0,558.0,0.0,2026-07-20 17:46:22.757916+00:00,2026-07-20 19:49:07.517136+00:00
1,a7b2f18000000041,3,10960.0,10960.0,10976.0,8.0,2026-07-20 17:46:22.757916+00:00,2026-07-20 19:49:07.517136+00:00
2,9fb2f18000007c6e,34,5203.0,13058.0,18811.0,4770.25,2026-07-21 18:13:11.610179+00:00,2026-07-21 20:45:58.071273+00:00
2,a7b2f18000000041,64,11056.0,11120.0,12032.0,784.0,2026-07-21 18:13:11.610179+00:00,2026-07-21 20:45:58.071273+00:00
2,a7b2f1800000e0d0,29,1997.0,10781.0,11060.0,441.0,2026-07-21 18:13:11.610179+00:00,2026-07-21 20:45:58.071273+00:00
3,9fb2f18000007c6e,7,309.0,843.0,3115.0,2445.0,2026-07-23 19:31:42.374821+00:00,2026-07-23 23:25:10.053987+00:00
3,a7b2f18000000041,816,3712.0,11040.0,11344.0,1328.0,2026-07-23 19:31:42.374821+00:00,2026-07-23 23:25:10.053987+00:00
3,a7b2f18000004c3e,46,5600.0,5880.0,11936.0,5968.0,2026-07-23 19:31:42.374821+00:00,2026-07-23 23:25:10.053987+00:00
3,a7b2f1800000e0d0,2,231.0,1020.0,1809.0,789.0,2026-07-23 19:31:42.374821+00:00,2026-07-23 23:25:10.053987+00:00
4,9fb2f18000007c6e,2,279.0,316.0,353.0,37.0,2026-08-04 22:35:27.415914+00:00,2026-08-05 01:55:25.622065+00:00
4,a7b2f18000004c3e,77,5072.0,11776.0,11888.0,4288.0,2026-08-04 22:35:27.415914+00:00,2026-08-05 01:55:25.622065+00:00
4,a7b2f180000088cf,350,4096.0,11824.0,11904.0,32.0,2026-08-04 22:35:27.415914+00:00,2026-08-05 01:55:25.622065+00:00
5,9fb2f18000007c6e,209,5216.0,10352.0,14614.0,7194.0,2026-08-05 18:15:43.387736+00:00,2026-08-05 23:37:42.537502+00:00
5,a7b2f18000000041,108,5774.0,13331.5,15317.0,7089.0,2026-08-05 18:15:43.387736+00:00,2026-08-05 23:37:42.537502+00:00
5,a7b2f18000004c3e,217,5472.0,11792.0,11952.0,1488.0,2026-08-05 18:15:43.387736+00:00,2026-08-05 23:37:42.537502+00:00
5,a7b2f180000088cf,135,5568.0,10880.0,11920.0,4792.0,2026-08-05 18:15:43.387736+00:00,2026-08-05 23:37:42.537502+00:00
5,a7b2f1800000e0d0,148,6282.0,14427.0,14645.0,5105.75,2026-08-05 18:15:43.387736+00:00,2026-08-05 23:37:42.537502+00:00
6,9fb2f18000007c6e,5,10089.0,12325.0,14453.0,1703.0,2026-08-06 20:21:24.957277+00:00,2026-08-06 22:17:42.920040+00:00
6,a7b2f18000000041,5,10393.0,14587.0,14680.0,2656.0,2026-08-06 20:21:24.957277+00:00,2026-08-06 22:17:42.920040+00:00
6,a7b2f18000004c3e,110,5488.0,11816.0,11936.0,48.0,2026-08-06 20:21:24.957277+00:00,2026-08-06 22:17:42.920040+00:00
6,a7b2f180000088cf,34,9424.0,11840.0,11920.0,60.0,2026-08-06 20:21:24.957277+00:00,2026-08-06 22:17:42.920040+00:00
6,a7b2f1800000e0d0,304,5815.0,14543.0,14686.0,34.25,2026-08-06 20:21:24.957277+00:00,2026-08-06 22:17:42.920040+00:00
7,9fb2f18000007c6e,189,5829.0,14239.0,14464.0,7552.0,2026-08-10 18:12:12.047835+00:00,2026-08-10 20:53:04.634353+00:00
7,a7b2f18000000041,184,6299.0,14475.5,14654.0,7333.0,2026-08-10 18:12:12.047835+00:00,2026-08-10 20:53:04.634353+00:00
7,a7b2f18000004c3e,180,5744.0,11648.0,11936.0,2840.0,2026-08-10 18:12:12.047835+00:00,2026-08-10 20:53:04.634353+00:00
7,a7b2f180000088cf,142,2768.0,10848.0,12000.0,8796.0,2026-08-10 18:12:12.047835+00:00,2026-08-10 20:53:04.634353+00:00
7,a7b2f1800000e0d0,279,5510.0,14434.0,14631.0,6735.0,2026-08-10 18:12:12.047835+00:00,2026-08-10 20:53:04.634353+00:00
8,a7b2f180000088cf,5,6000.0,6640.0,11776.0,5664.0,2026-08-20 22:06:07.085964+00:00,2026-08-20 22:06:54.397720+00:00
9,9fb2f18000007c6e,427,5090.0,11030.0,14721.0,3803.0,2026-08-21 02:26:36.783907+00:00,2026-08-21 08:23:37.898134+00:00
9,a7b2f18000000041,549,5469.0,12049.0,15786.0,2850.0,2026-08-21 02:26:36.783907+00:00,2026-08-21 08:23:37.898134+00:00
9,a7b2f18000004c3e,556,752.0,11248.0,12144.0,3328.0,2026-08-21 02:26:36.783907+00:00,2026-08-21 08:23:37.898134+00:00
9,a7b2f180000088cf,586,5440.0,10752.0,12112.0,3808.0,2026-08-21 02:26:36.783907+00:00,2026-08-21 08:23:37.898134+00:00
9,a7b2f1800000e0d0,766,5790.0,12708.0,14909.0,2931.0,2026-08-21 02:26:36.783907+00:00,2026-08-21 08:23:37.898134+00:00
10,a7b2f180000088cf,2,11664.0,11672.0,11680.0,8.0,2026-08-28 00:03:05.973325+00:00,2026-08-28 00:03:07.108316+00:00
11,a7b2f180000088cf,93,5744.0,11728.0,11760.0,16.0,2026-08-28 22:10:13.472382+00:00,2026-08-28 23:12:43.708951+00:00
11,a7b2f1800000e0d0,23,5937.0,14532.0,14560.0,128.5,2026-08-28 22:10:13.472382+00:00,2026-08-28 23:12:43.708951+00:00
12,a7b2f180000088cf,20,11488.0,11552.0,11632.0,16.0,2026-08-30 16:13:10.085213+00:00,2026-08-30 16:17:57.779345+00:00
13,9fb2f18000007c6e,122,5040.0,5558.5,14662.0,957.5,2026-08-30 19:39:43.482638+00:00,2026-08-30 21:35:00.952404+00:00
13,a7b2f18000000041,211,4623.0,6082.0,14723.0,116.0,2026-08-30 19:39:43.482638+00:00,2026-08-30 21:35:00.952404+00:00
13,a7b2f18000004c3e,116,4016.0,5672.0,12112.0,412.0,2026-08-30 19:39:43.482638+00:00,2026-08-30 21:35:00.952404+00:00
13,a7b2f180000088cf,135,5600.0,6448.0,12000.0,5736.0,2026-08-30 19:39:43.482638+00:00,2026-08-30 21:35:00.952404+00:00
13,a7b2f1800000e0d0,242,5542.0,5866.0,14665.0,844.5,2026-08-30 19:39:43.482638+00:00,2026-08-30 21:35:00.952404+00:00
14,9fb2f18000007c6e,3,6446.0,14105.0,14275.0,3914.5,2026-09-03 18:32:07.072290+00:00,2026-09-03 18:32:59.473448+00:00
14,a7b2f18000004c3e,3,12016.0,12048.0,12064.0,24.0,2026-09-03 18:32:07.072290+00:00,2026-09-03 18:32:59.473448+00:00
14,a7b2f180000088cf,4,11632.0,11696.0,11824.0,72.0,2026-09-03 18:32:07.072290+00:00,2026-09-03 18:32:59.473448+00:00
14,a7b2f1800000e0d0,3,13797.0,14198.0,14221.0,212.0,2026-09-03 18:32:07.072290+00:00,2026-09-03 18:32:59.473448+00:00
15,9fb2f18000007c6e,201,6105.0,11603.0,14620.0,3393.0,2026-09-08 21:25:53.611356+00:00,2026-09-08 23:01:31.185640+00:00
15,a7b2f18000000041,184,5835.0,12427.5,14333.0,2252.75,2026-09-08 21:25:53.611356+00:00,2026-09-08 23:01:31.185640+00:00
15,a7b2f18000004c3e,224,5488.0,9664.0,12144.0,4832.0,2026-09-08 21:25:53.611356+00:00,2026-09-08 23:01:31.185640+00:00
15,a7b2f180000088cf,189,4720.0,8832.0,11888.0,1152.0,2026-09-08 21:25:53.611356+00:00,2026-09-08 23:01:31.185640+00:00
15,a7b2f1800000e0d0,259,5682.0,10267.0,14776.0,1754.0,2026-09-08 21:25:53.611356+00:00,2026-09-08 23:01:31.185640+00:00
16,9fb2f18000007c6e,115,4783.0,5489.0,14270.0,2496.5,2026-09-09 01:29:07.461948+00:00,2026-09-09 02:15:35.557061+00:00
16,a7b2f18000000041,106,5300.0,10324.0,14256.0,4237.5,2026-09-09 01:29:07.461948+00:00,2026-09-09 02:15:35.557061+00:00
16,a7b2f18000004c3e,123,4832.0,6832.0,11856.0,4752.0,2026-09-09 01:29:07.461948+00:00,2026-09-09 02:15:35.557061+00:00
16,a7b2f180000088cf,116,4480.0,6216.0,11696.0,2480.0,2026-09-09 01:29:07.461948+00:00,2026-09-09 02:15:35.557061+00:00
16,a7b2f1800000e0d0,65,8359.0,9675.0,14394.0,1373.0,2026-09-09 01:29:07.461948+00:00,2026-09-09 02:15:35.557061+00:00
17,9fb2f18000007c6e,83,5258.0,8583.0,14448.0,959.5,2026-09-09 22:31:32.860427+00:00,2026-09-10 01:53:28.104369+00:00
17,a7b2f18000000041,316,4202.0,10457.5,14699.0,5352.75,2026-09-09 22:31:32.860427+00:00,2026-09-10 01:53:28.104369+00:00
17,a7b2f18000004c3e,92,5824.0,7816.0,12032.0,1776.0,2026-09-09 22:31:32.860427+00:00,2026-09-10 01:53:28.104369+00:00
17,a7b2f180000088cf,208,4816.0,11504.0,12048.0,3124.0,2026-09-09 22:31:32.860427+00:00,2026-09-10 01:53:28.104369+00:00
17,a7b2f1800000e0d0,240,5164.0,8389.0,14650.0,3339.75,2026-09-09 22:31:32.860427+00:00,2026-09-10 01:53:28.104369+00:00
18,a7b2f18000000041,7,13857.0,14354.0,14355.0,358.0,2026-09-11 02:57:13.647024+00:00,2026-09-11 03:00:54.590635+00:00
18,a7b2f18000004c3e,3,11616.0,11648.0,11712.0,48.0,2026-09-11 02:57:13.647024+00:00,2026-09-11 03:00:54.590635+00:00
19,a7b2f18000000041,6,14040.0,14157.5,14201.0,55.25,2026-09-13 00:07:00.123953+00:00,2026-09-13 00:08:00.437932+00:00
20,be1b5bf80000d0fe,23,5668.0,14240.0,14254.0,31.5,2026-09-17 18:51:16.651581+00:00,2026-09-17 18:57:16.795307+00:00
21,9fb2f18000007c6e,292,6290.0,10146.0,14455.0,882.25,2026-09-17 22:59:23.809133+00:00,2026-09-18 00:15:30.643215+00:00
21,a7b2f18000000041,290,6919.0,10424.5,14642.0,1616.75,2026-09-17 22:59:23.809133+00:00,2026-09-18 00:15:30.643215+00:00
21,a7b2f18000004c3e,292,6096.0,7040.0,12096.0,1104.0,2026-09-17 22:59:23.809133+00:00,2026-09-18 00:15:30.643215+00:00
21,a7b2f180000088cf,292,5616.0,6016.0,11792.0,452.0,2026-09-17 22:59:23.809133+00:00,2026-09-18 00:15:30.643215+00:00
21,be1b5bf80000d0fe,80,8827.0,10290.0,14454.0,2092.75,2026-09-17 22:59:23.809133+00:00,2026-09-18 00:15:30.643215+00:00
22,9fb2f18000007c6e,289,7737.0,9705.0,14619.0,5326.0,2026-09-18 21:25:09.261747+00:00,2026-09-18 22:59:41.219750+00:00
22,a7b2f18000000041,294,7603.0,11867.5,14739.0,5648.25,2026-09-18 21:25:09.261747+00:00,2026-09-18 22:59:41.219750+00:00
22,a7b2f18000004c3e,282,6272.0,9600.0,11952.0,3424.0,2026-09-18 21:25:09.261747+00:00,2026-09-18 22:59:41.219750+00:00
22,a7b2f180000088cf,275,7056.0,8112.0,12288.0,4304.0,2026-09-18 21:25:09.261747+00:00,2026-09-18 22:59:41.219750+00:00
22,be1b5bf80000d0fe,45,5838.0,11124.0,14582.0,2881.0,2026-09-18 21:25:09.261747+00:00,2026-09-18 22:59:41.219750+00:00
